hiv,NP0
it,NN1
your,DPS
choice,NN1
every,AT0
day,NN1
the,AT0
virus,NN1
causing,VVG
aids,NN1
is,VBZ
infecting,VVG
more,AV0
young,AJ0
people,NN0
a,AT0
friend,NN1
can,VM0
infect,VVI
you,PNP
without,PRP
your,DPS
knowing,NN1
no,AT0
cure,NN1-VVB
for,PRP
aids,NN1
once,CJS
you,PNP
infected,VVN
the,AT0
virus,NN1
may,VM0
destroy,VVI
your,DPS
natural,AJ0
defences,NN2
for,PRP
over,AV0
years,NN2
without,PRP
you,PNP
realising,VVG
and,CJC
you,PNP
an,AT0
pass,NN1
on,PRP-AVP
the,AT0
infection,NN1
again,AV0
without,PRP
knowing,VVG-AJ0
there,EX0
is,VBZ
no,AT0
cure,NN1
once,AV0
infected,VVN-VVD
you,PNP
will,VM0
sooner,AV0
or,CJC
later,AV0
develop,VVB
fullblown,AJ0
aids,NN1
friends,NN2
or,CJC
partners,NN2
may,VM0
soon,AV0
be,VBI
ill,AJ0
too,AV0
the,AT0
truth,NN1
about,PRP
aids,NN1
the,AT0
doctor,NN1
says,VVZ
hiv,NP0
is,VBZ
the,AT0
virus,NN1
that,CJT
causes,VVZ
aids,NN1
hiv,NP0
spreads,VVZ
between,PRP
people,NN0
who,PNQ
have,VHB
sexual,AJ0
intercourse,NN1
together,AV0
or,CJC
who,PNQ
share,VVB
needles,NN2
when,CJS
injecting,VVG
drugs,NN2
or,CJC
from,PRP
mother,NN1
to,PRP
unborn,AJ0
child,NN1
the,AT0
most,AV0
common,AJ0
way,NN1
for,PRP
the,AT0
virus,NN1
to,TO0
spread,VVI
is,VBZ
through,PRP
unprotected,AJ0
sexual,AJ0
intercourse,NN1
between,PRP
people,NN0
of,PRF
whom,PNQ
is,VBZ
infected,VVN-AJ0
you,PNP
can,VM0
be,VBI
tested,VVN
for,PRP
infection,NN1
at,PRP
a,AT0
special,AJ0
hospital,NN1
clinic,NN1
but,CJC
remember,VVB
you,PNP
have,VHB
to,TO0
wait,VVI
at,PRP
least,AV0
weeks,NN2
after,PRP-CJS
the,AT0
possible,AJ0
infection,NN1
for,PRP
the,AT0
test,NN1
result,NN1-VVB
to,TO0
be,VBI
accurate,AJ0
there,EX0
is,VBZ
still,AV0
no,AT0
cure,NN1
no,AT0
vaccine,NN1
no,AT0
wonder,NN1
drug,NN1
for,PRP
hiv,NP0
infection,NN1
or,CJC
aids,NN1
safe,AJ0
you,PNP
ca,VM0
catch,VVI
hiv,NP0
in,PRP
any,DT0
of,PRF
these,DT0
ways,NN2
from,PRP
a,AT0
toilet,NN1
from,PRP
mosquito,NN1
bites,NN2
from,PRP
giving,VVG
blood,NN1
from,PRP
a,AT0
swimming,NN1
pool,NN1
from,PRP
kissing,NN1-VVG
from,PRP
contact,NN1
it,PNP
very,AV0
safe,AJ0
receiving,AJ0-NN1
blood,NN1
transfusions,NN2
the,AT0
chance,NN1
of,PRF
getting,VVG
infected,AJ0-VVN
from,PRP
a,AT0
pint,NN1
of,PRF
blood,NN1
is,VBZ
less,DT0
than,CJS
in,PRP
a,AT0
what,DTQ
is,VBZ
aids,NN1
risky,AJ0
sex,NN1
or,CJC
dirty,AJ0
needles,NN2
send,VVB
hiv,NP0
into,PRP
the,AT0
blood,NN1
the,AT0
virus,NN1
hiv,NP0
enters,VVZ
a,AT0
soldier,NN1
cell,NN1
the,AT0
soldier,NN1
cell,NN1
is,VBZ
programmed,VVN
to,TO0
make,VVI
up,PRP-AVP
of,PRF
new,AJ0
hiv,NP0
particles,NN2
then,AV0
it,PNP
bursts,VVZ
dies,VVZ
and,CJC
releases,VVZ
all,DT0
these,DT0
viruses,NN2
into,PRP
the,AT0
blood,NN1
over,PRP
the,AT0
next,ORD
years,NN2
more,DT0
soldier,NN1
cells,NN2
in,PRP
the,AT0
body,NN1
get,VVB
infected,AJ0-VVN
they,PNP
make,VVB
of,PRF
viruses,NN2
before,CJS
they,PNP
too,AV0
die,VVB
off,AVP
a,AT0
new,AJ0
germ,NN1
enters,VVZ
the,AT0
body,NN1
now,AV0
there,EX0
are,VBB
enough,DT0
soldier,NN1
cells,NN2
to,TO0
beat,VVI
the,AT0
germ,NN1
so,CJS
it,PNP
multiplies,VVZ
the,AT0
body,NN1
is,VBZ
seriously,AV0
infected,VVN-VVD
hospital,NN1
treatment,NN1
is,VBZ
needed,VVN
some,DT0
die,NN1-VVB
of,PRF
the,AT0
infection,NN1
most,DT0
recover,VVB
gradually,AV0
until,CJS
the,AT0
next,ORD
germ,NN1
arrives,VVZ
sex,NN1
and,CJC
aids,NN1
i,PNP
been,VBN
to,PRP
funerals,NN2
of,PRF
my,DPS
friends,NN2
this,DT0
year,NN1
they,PNP
all,DT0
died,VVD
through,PRP
aids,NN1
now,AV0
it,PNP
my,DPS
turn,NN1
london,NP0
tom,NP0
is,VBZ
a,AT0
he,PNP
infected,VVN
with,PRP
the,AT0
virus,NN1
causing,VVG
aids,NN1
but,CJC
does,VDZ
know,VVI
he,PNP
could,VM0
have,VHI
been,VBN
infected,VVN
by,PRP
of,PRF
at,PRP
least,AV0
different,AJ0
ways,NN2
what,DTQ
are,VBB
they,PNP
tom,NP0
has,VHZ
in,PRP
turn,NN1
infected,VVD
mary,NP0
and,CJC
sam,NP0
he,PNP
bisexual,AJ0
still,AV0
not,XX0
knowing,VVG
he,PNP
infected,VVN-AJ0
tom,NP0
marries,VVZ
janet,NP0
a,AT0
year,NN1
later,AV0
she,PNP
infected,VVN
too,AV0
day,NN1
tom,NP0
is,VBZ
rushed,VVN
to,PRP
hospital,NN1
with,PRP
an,AT0
unusual,AJ0
type,NN1
of,PRF
pneumonia,NN1
now,AV0
the,AT0
doctor,NN1
tell,VVB
shim,VVB-NN1
he,PNP
has,VHZ
aids,NN1
tom,NP0
has,VHZ
infected,VVN
at,PRP
least,AV0
people,NN0
thought,VVD
he,PNP
has,VHZ
never,AV0
even,AV0
met,VVN
jane,NP0
mark,NP0
and,CJC
alan,NP0
over,PRP
a,AT0
period,NN1
of,PRF
time,NN1
they,PNP
will,VM0
all,DT0
be,VBI
ill,AJ0
when,CJS
sex,NN1
can,VM0
cause,VVI
disease,NN1
rapid,AJ0
spread,NN1
until,PRP
recently,AV0
it,PNP
was,VBD
reckoned,VVN
that,CJT
men,NN2
and,CJC
women,NN2
on,PRP
average,NN1
had,VHD
sex,NN1
with,PRP
different,AJ0
people,NN0
in,PRP
their,DPS
lifetime,NN1
and,CJC
those,DT0
partners,NN2
with,PRP
more,DT0
so,AV0
person,NN1
could,VM0
receive,VVI
diseases,NN2
stds,NN2
from,PRP
up,AVP
to,PRP
other,AJ0
people,NN0
but,CJC
i,PNP
only,AV0
had,VHN
sex,NN1
with,PRP
person,NN1
you,PNP
say,VVB
it,PNP
only,AV0
needs,VVZ
person,NN1
to,TO0
pass,VVI
on,AVP
an,AT0
infection,NN1
sexually,AV0
transmitted,AJ0-VVN
diseases,NN2
stds,NN2
each,DT0
year,NN1
in,PRP
the,AT0
uk,NP0
hospital,NN1
that,CJT
more,AV0
than,CJS
new,AJ0
cases,NN2
of,PRF
stds,NN2
these,DT0
include,VVB
gonorrhoea,NN1
syphilis,NN1
herpes,NN2
genital,AJ0
warts,NN2
chlamydia,NN1
and,CJC
now,AV0
hiv,NP0
infection,NN1
some,DT0
of,PRF
these,DT0
diseases,NN2
are,VBB
becoming,VVG
more,AV0
and,CJC
more,AV0
resistant,AJ0
to,PRP
treatment,NN1
for,PRP
most,DT0
of,PRF
them,PNP
there,AV0
is,VBZ
a,AT0
cure,NN1
but,CJC
as,CJS
yet,AV0
not,XX0
for,PRP
hiv,NP0
infection,NN1
sexually,AV0
transmitted,AJ0-VVN
diseases,NN2
can,VM0
prevent,VVI
women,NN2
from,PRP
conceiving,VVG-AJ0
children,NN2
it,PNP
possible,AJ0
that,CJT
a,AT0
infection,NN1
might,VM0
cause,VVI
cancer,NN1
of,PRF
the,AT0
cervix,NN1
especially,AV0
if,CJS
you,PNP
under,AV0
signs,NN2
soreness,NN1-NP0
in,PRP
the,AT0
groin,NN1
or,CJC
a,AT0
discharge,NN1
from,PRP
the,AT0
genitals,NN2
can,VM0
be,VBI
a,AT0
sign,NN1
of,PRF
some,DT0
sexually,AV0
transmitted,AJ0-VVN
diseases,NN2
but,CJC
often,AV0
the,AT0
person,NN1
infected,VVD-VVN
does,VDZ
notice,VVI
anything,PNI
wrong,AJ0-AV0
what,DTQ
to,TO0
do,VDI
if,CJS
you,PNP
worried,AJ0
that,CJT
you,PNP
recently,AV0
take,VVB
a,AT0
risk,NN1
go,VVB
to,PRP
the,AT0
special,AJ0
std,NN1
clinic,NN1
at,PRP
your,DPS
local,AJ0
hospital,NN1
they,PNP
will,VM0
check,VVI
you,PNP
and,CJC
treat,VVB
you,PNP
if,CJS
necessary,AJ0
they,PNP
used,AJ0
to,PRP
these,DT0
diseases,NN2
do,VDB
hesitate,VVI
to,TO0
go,VVI
experts,NN2
discuss,VVB
hiv,NP0
in,PRP
front,NN1
of,PRF
projection,NN1
of,PRF
soldier,NN1
cells,NN2
those,DT0
coloured,AJ0
red,NN1
are,VBB
infected,VVN-AJ0
sex,NN1-VVB
it,PNP
your,DPS
choice,NN1
safe,AJ0-NN1
close,AJ0
relationships,NN2
that,CJT
stop,VVB
short,AJ0
of,PRF
sexual,AJ0
intercourse,NN1
staying,VVG
a,AT0
virgin,NN1-AJ0
till,CJS
you,PNP
meet,VVB
the,AT0
right,AJ0-NN1
person,NN1
also,AV0
a,AT0
virgin,NN1-AJ0
and,CJC
staying,VVG-AJ0
faithful,AJ0
to,PRP
that,DT0
person,NN1
for,PRP
the,AT0
rest,NN1
of,PRF
your,DPS
life,NN1
also,AV0
neither,DT0
of,PRF
you,PNP
ever,AV0
injecting,VVG
drugs,NN2
low,AJ0
risk,NN1-VVB
sex,NN1-VVB
with,PRP
a,AT0
condom,NN1
that,CJT
contains,VVZ
nonoxynol,NN1
spermicide,NN1-VVB
higher,AJC
risk,NN1
sex,NN1-VVB
without,PRP
a,AT0
condom,NN1
how,AVQ
can,VM0
you,PNP
be,VBI
sure,AJ0-AV0
your,DPS
partner,NN1
is,VBZ
infected,VVN-AJ0
very,AV0
high,AJ0
risk,NN1
injecting,VVG
drugs,NN2
with,PRP
a,AT0
shared,AJ0
needle,NN1
and,CJC
people,NN0
can,VM0
get,VVI
infected,VVN
in,PRP
a,AT0
single,AJ0
evening,NN1
this,DT0
way,NN1
why,AVQ
do,VDB
people,NN0
get,VVB
into,PRP
drugs,NN2
it,PNP
looks,VVZ
cool,AJ0-AV0
there,EX0
a,AT0
party,NN1
stuff,NN1-VVB
is,VBZ
getting,VVG
passed,VVN
round,AVP
it,PNP
can,VM0
seem,VVI
hard,AJ0-AV0
to,TO0
say,VVI
no,ITJ
particularly,AV0
if,CJS
you,PNP
not,XX0
feeling,VVG
confident,AJ0
i,PNP
curious,AJ0
people,NN0
climb,VVB-NN1
mountains,NN2
because,CJS
they,PNP
there,AV0
they,PNP
make,VVB
parachute,NN1
drops,VVZ
to,TO0
see,VVI
what,DTQ
it,PNP
like,PRP
why,AVQ
not,XX0
drugs,NN2
because,CJS
shooting,VVG
your,DPS
brain,NN1
to,PRP
bits,NN2
is,VBZ
worth,PRP
it,PNP
i,PNP
looking,VVG
for,PRP
meaning,VVG-NN1
to,PRP
life,NN1
some,DT0
people,NN0
think,VVB
drugs,NN2
can,VM0
help,VVI
you,PNP
find,VVI
god,NP0
or,CJC
discover,VVB
the,AT0
meaning,NN1
of,PRF
life,NN1
ok,AV0
when,CJS
you,PNP
in,PRP
a,AT0
dazed,AJ0
state,NN1
drugs,NN2
may,VM0
make,VVI
you,PNP
think,VVI
you,PNP
understand,VVB
it,PNP
all,DT0
but,CJC
some,DT0
drugs,NN2
cause,VVB
bad,AJ0
disturbing,AJ0
flashbacks,NN2
i,PNP
ca,VM0
cope,VVI
with,PRP
life,NN1
many,DT0
people,NN0
who,PNQ
use,VVB
drugs,NN2
regularly,AV0
find,VVB
it,PNP
difficult,AJ0
to,TO0
exist,VVI
in,PRP-AVP
a,AT0
world,NN1
they,PNP
can,VM0
become,VVI
crippled,AJ0-VVN
psychologically,AV0
and,CJC
hooked,VVN
physically,AV0
even,AV0
after,PRP
drying,VVG
out,AVP
they,PNP
may,VM0
feel,VVI
strongly,AV0
pulled,VVN-VVD
back,AVP
into,PRP
the,AT0
drug,NN1
world,NN1
drugs,NN2
often,AV0
make,VVB
people,NN0
feel,VVI
they,PNP
coping,VVG
when,CJS
they,PNP
really,AV0
not,XX0
coping,VVG
at,PRP
all,DT0
trading,VVG-NN1
death,NN1
a,AT0
big,AJ0
problem,NN1
drugs,NN2
are,VBB
never,AV0
cheap,AJ0
the,AT0
effects,NN2
never,AV0
last,VVB
long,AJ0-AV0
and,CJC
you,PNP
always,AV0
want,VVB
more,AV0
a,AT0
paper,NN1
round,AVP
or,CJC
weekend,NN1
job,NN1
does,VDZ
pay,VVI
enough,AV0
stealing,VVG-NN1
cheating,VVG
and,CJC
lying,VVG
become,VVB
the,AT0
only,AJ0
way,NN1
to,TO0
pay,VVI
it,PNP
always,AV0
on,PRP
your,DPS
mind,NN1
you,PNP
ca,VM0
look,VVI
your,DPS
family,NN1
in,PRP
the,AT0
eye,NN1
your,DPS
friends,NN2
begin,VVB
to,TO0
wonder,VVI
what,DTQ
is,VBZ
wrong,AJ0-AV0
you,PNP
begin,VVB
to,TO0
hate,VVI
yourself,PNX
for,PRP
what,DTQ
you,PNP
doing,VDG
things,NN2
are,VBB
always,AV0
on,PRP
your,DPS
mind,NN1
trying,VVG
to,TO0
feel,VVI
better,AJC
by,PRP
using,VVG
more,AV0
never,AV0
seems,VVZ
to,TO0
work,VVI
for,PRP
long,AV0
drugs,NN2
and,CJC
aids,NN1
drugs,NN2
damage,VVB
your,DPS
body,NN1
they,PNP
can,VM0
kill,VVI
and,CJC
injecting,VVG
drugs,NN2
with,PRP
a,AT0
shared,AJ0
needle,NN1
or,CJC
syringe,NN1-VVB
can,VM0
be,VBI
the,AT0
fastest,AJS
way,NN1
to,TO0
get,VVI
hiv,NP0
even,AV0
if,CJS
you,PNP
only,AV0
do,VDB
it,PNP
once,AV0
why,AVQ
you,PNP
should,VM0
say,VVI
no,ITJ
to,PRP
drugs,NN2
once,CJS
you,PNP
taken,VVN
the,AT0
drug,NN1
your,DPS
next,ORD
decision,NN1
could,VM0
be,VBI
influenced,VVN
by,PRP
that,DT0
drug,NN1
it,PNP
could,VM0
ruin,VVI
your,DPS
entire,AJ0
life,NN1
some,DT0
drugs,NN2
can,VM0
hook,VVI
you,PNP
almost,AV0
instantly,AV0
if,CJS
you,PNP
say,VVB
yes,ITJ
that,DT0-CJT
could,VM0
be,VBI
your,DPS
last,ORD
free,AJ0
decision,NN1
drugs,NN2
are,VBB
no,AT0
substitute,NN1-AJ0
for,PRP
real,AJ0
living,NN1
they,PNP
ca,VM0
give,VVI
you,PNP
a,AT0
purpose,NN1
or,CJC
meaning,VVG-NN1
in,PRP
life,NN1
has,VHZ
the,AT0
right,NN1
to,TO0
pressure,VVI
you,PNP
you,PNP
always,AV0
free,AJ0
to,TO0
say,VVI
no,ITJ
i,PNP
think,VVB
i,PNP
in,PRP
love,NN1
how,AVQ
do,VDB
i,PNP
know,VVI
if,CJS
i,PNP
met,VVN
the,AT0
right,AJ0-NN1
person,NN1
most,DT0
experts,NN2
say,VVB
that,CJT
the,AT0
happiest,AJS
and,CJC
longest,AJS
relationships,NN2
are,VBB
based,VVN
on,PRP
close,AJ0
friendship,NN1
and,CJC
shared,AJ0
interests,NN2
not,XX0
just,AV0
strong,AJ0
feelings,NN2
it,PNP
take,VVB
s,ZZ0
lot,NN1
more,AV0
than,CJS
just,AV0
physical,AJ0
attraction,NN1
to,TO0
make,VVI
a,AT0
lasting,AJ0
happy,AJ0
marriage,NN1
strong,AJ0
friendship,NN1
takes,VVZ
time,NN1
to,TO0
build,VVI
many,DT0
people,NN0
say,VVB
that,CJT
sex,NN1
is,VBZ
most,AV0
fulfilling,AJ0-VVG
when,CJS
it,PNP
expresses,VVZ
the,AT0
commitment,NN1
care,NN1-VVB
security,NN1
and,CJC
understanding,NN1
of,PRF
an,AT0
exclusive,AJ0
friendship,NN1
friendship,NN1
takes,VVZ
time,NN1
in,PRP
most,DT0
happy,AJ0
marriages,NN2
husband,NN1
and,CJC
wife,NN1
continue,VVB
to,TO0
make,VVI
time,NN1
to,TO0
be,VBI
with,PRP
each,DT0
other,NN1
and,CJC
to,TO0
understand,VVI
each,DT0
other,NN1
how,AVQ
does,VDZ
aids,NN1
affect,VVI
you,PNP
we,PNP
say,VVB
someone,PNI
has,VHZ
aids,NN1
when,CJS-AVQ
the,AT0
virus,NN1
has,VHZ
weakened,VVN
the,AT0
body,NN1
so,AV0
much,DT0
that,CJT-DT0
certain,AJ0
new,AJ0
illnesses,NN2
are,VBB
developing,VVG-AJ0
for,PRP
example,NN1
if,CJS
the,AT0
soldier,NN1
cells,NN2
are,VBB
weakened,VVN
the,AT0
chest,NN1
can,VM0
be,VBI
infected,VVN
it,PNP
gets,VVZ
harder,AJC
to,TO0
breathe,VVI
and,CJC
you,PNP
may,VM0
die,VVI
your,DPS
gut,NN1
can,VM0
get,VVI
infected,AJ0
so,CJS
you,PNP
ca,VM0
absorb,VVI
the,AT0
goodness,NN1
in,PRP
your,DPS
food,NN1
you,PNP
lose,VVB
weight,NN1
you,PNP
feel,VVB
very,AV0
weak,AJ0
and,CJC
pass,VVB-NN1
motions,NN2
up,AVP
to,PRP
times,NN2
a,AT0
day,NN1
this,DT0
person,NN1
with,PRP
the,AT0
hiv,NP0
infection,NN1
has,VHZ
developed,VVN
a,AT0
sore,AJ0
mouth,NN1
cancers,NN2
may,VM0
grow,VVI
for,PRP
example,NN1
there,EX0
is,VBZ
a,AT0
skin,NN1
cancer,NN1
called,VVN
kaposi,NP0
sarcoma,NN1
if,CJS
you,PNP
have,VHB
aids,NN1
a,AT0
germ,NN1
can,VM0
destroy,VVI
your,DPS
eyesight,NN1
you,PNP
can,VM0
also,AV0
find,VVI
it,PNP
hard,AJ0
to,TO0
remember,VVI
things,NN2
because,CJS
germs,NN2
are,VBB
multiplying,VVG
in,PRP-AVP
your,DPS
brain,NN1
people,NN0
with,PRP
aids,NN2
are,VBB
often,AV0
well,AJ0
for,PRP
long,AJ0
periods,NN2
between,PRP
times,NN2
of,PRF
illness,NN1
a,AT0
woman,NN1
receiving,VVG
urgent,AJ0
hospital,NN1
treatment,NN1
for,PRP
aids,NN1
how,AVQ
to,TO0
keep,VVI
healthy,AJ0
never,AV0
share,VVB
a,AT0
needle,NN1
or,CJC
syringe,VVB-NN1
if,CJS
you,PNP
injecting,VVG
drugs,NN2
always,AV0
use,VVB
a,AT0
condom,NN1
unless,CJS
you,PNP
absolutely,AV0
sure,AJ0
your,DPS
partner,NN1
is,VBZ
not,XX0
infected,VVN-AJ0
this,DT0
reduces,VVZ
the,AT0
risk,NN1
of,PRF
infection,NN1
it,PNP
does,VDZ
eliminate,VVI
it,PNP
reduce,VVB
the,AT0
number,NN1
of,PRF
partners,NN2
you,PNP
have,VHB
sex,NN1
with,PRP
aim,VVB-NN1
at,PRP
having,VHG
only,AV0
sexual,AJ0
partner,NN1
for,PRP
the,AT0
rest,NN1
of,PRF
your,DPS
life,NN1
if,CJS
you,PNP
would,VM0
like,VVI
to,TO0
take,VVI
to,PRP
someone,PNI
about,PRP
matters,NN2
covered,VVN-VVD
in,PRP
this,DT0
booklet,NN1
there,EX0
is,VBZ
a,AT0
free,AJ0
and,CJC
confidential,AJ0
service,NN1
national,AJ0
aids,NN1
helpline,NN1
freephone,VVB
patrick,NP0
dixon,NP0
company,NN1
first,ORD
published,VVD
by,PRP
acet,NP0
box,NN1
london,NP0
w5,UNC
5tf,UNC
isbn,VVB-NN1
all,DT0
rights,NN2
reserved,VVD-VVN
no,AT0
part,NN1
of,PRF
this,DT0
publication,NN1
may,VM0
be,VBI
reproduced,VVN
stored,VVN-VVD
in,PRP-AVP
a,AT0
retrieval,NN1
system,NN1
or,CJC
transmitted,VVD-AJ0
in,PRP
any,DT0
form,NN1-VVB
or,CJC
by,PRP
any,DT0
means,NN0
electronic,AJ0
mechanical,AJ0
photocopying,VVG-NN1
recording,VVG-NN1
or,CJC
otherwise,AV0
without,PRP
the,AT0
prior,AJ0
permission,NN1
in,PRP
writing,NN1
of,PRF
the,AT0
publisher,NN1
photographs,NN2
by,PRP
zefa,NP0
uk,NP0
illustrations,NN2
by,PRP
kate,NP0
taylor,NP0
designer,NN1
p,NP0
wyart,NP0-NN1
created,VVN
by,PRP
company,NN1
flitcroft,NP0
street,NP0
london,NP0
wc2,UNC
produced,VVN
by,PRP
angus,NP0
hudson,NP0
ltd,AJ0
mill,NP0
hill,NP0
london,NP0
typeset,VVB
by,PRP
watermark,NN1
cromer,NP0
printed,VVD-VVN
in,PRP
great,NP0
britain,NP0
the,AT0
cost,NN1
of,PRF
this,DT0
booklet,NN1
has,VHZ
been,VBN
met,VVN
by,PRP
world,NN1
in,PRP
need,NN1
aids,NN1
a,AT0
caring,AJ0
response,NN1
acet,NP0
the,AT0
challenge,NN1
the,AT0
chronic,AJ0
nature,NN1
of,PRF
aids,NN1
means,VVZ
that,CJT
people,NN0
needs,NN2
are,VBB
many,DT0
and,CJC
varied,VVD-AJ0
for,PRP
many,DT0
a,AT0
stay,NN1-VVB
in,PRP
hospital,NN1
is,VBZ
in,PRP
appropriate,AJ0
but,CJC
they,PNP
are,VBB
often,AV0
too,AV0
weak,AJ0
or,CJC
ill,AJ0
to,TO0
care,VVI
for,PRP
themselves,PNX
properly,AV0
for,PRP
some,DT0
this,DT0
makes,VVZ
hospitalization,NN1
inevitable,AJ0
when,CJS
someone,PNI
is,VBZ
ill,AJ0
with,PRP
aids,NN1
they,PNP
are,VBB
often,AV0
in,PRP
pain,NN1
exhaustion,NN1
is,VBZ
a,AT0
permanent,AJ0
feature,NN1
preventing,VVG
the,AT0
completion,NN1
of,PRF
even,AV0
the,AT0
most,AV0
simple,AJ0
task,NN1
friends,NN2
and,CJC
family,NN1
often,AV0
reject,VVB
them,PNP
leaving,VVG
them,PNP
free,AJ0
to,TO0
face,VVI
this,DT0
chronic,AJ0
condition,NN1
alone,AV0-AJ0
without,PRP
acet,NP0
practical,AJ0
support,NN1
at,PRP
home,NN1
they,PNP
could,VM0
spend,VVI
long,AJ0
periods,NN2
of,PRF
time,NN1
in,PRP
hospital,NN1
unnecessarily,AV0
the,AT0
reality,NN1
of,PRF
aids,NN1
is,VBZ
that,CJT
the,AT0
person,NN1
can,VM0
die,VVI
at,PRP
any,DT0
time,NN1
the,AT0
person,NN1
need,NN1-VVB
to,TO0
know,VVI
when,AVQ
and,CJC
how,AVQ
is,VBZ
sometimes,AV0
overwhelming,AJ0
of,PRF
the,AT0
difficulties,NN2
is,VBZ
that,CJT
every,AT0
person,NN1
situation,NN1
is,VBZ
different,AJ0
the,AT0
medical,AJ0
aspects,NN2
can,VM0
be,VBI
dementia,NN1
sudden,AJ0
blindness,NN1
loss,NN1
of,PRF
mobility,NN1
thrush,NN1
shingles,NN2
kaposi,NP0
sarcoma,NN1
a,AT0
type,NN1
of,PRF
cancer,NN1
weight,NN1
loss,NN1
or,CJC
any,DT0
combination,NN1
of,PRF
these,DT0
the,AT0
person,NN1
circumstances,NN2
may,VM0
change,VVI
rapidly,AV0
from,PRP
owner,NN1
occupier,NN1
to,PRP
homelessness,NN1
from,PRP
a,AT0
good,AJ0
income,NN1
to,PRP
living,VVG-NN1
on,PRP
sickness,NN1
benefit,NN1-VVB
from,PRP
young,AJ0
and,CJC
active,AJ0
to,PRP
housebound,AJ0
and,CJC
disabled,AJ0-VVD
acet,NP0
home,NN1
care,NN1-VVB
service,NN1
acet,NP0
provides,VVZ
a,AT0
dedicated,AJ0
home,NN1
care,NN1-VVB
service,NN1
using,VVG
a,AT0
team,NN1
of,PRF
doctors,NN2
and,CJC
nurses,NN2
backed,VVN
by,PRP
a,AT0
trained,AJ0
and,CJC
active,AJ0
network,NN1
of,PRF
over,AV0
volunteers,NN2
the,AT0
service,NN1
includes,VVZ
pain,NN1
and,CJC
symptom,NN1
control,NN1
and,CJC
nursing,AJ0
advice,NN1
volunteers,NN2
cook,VVB-NN1
clean,AJ0
nightsit,NN1-VVB
and,CJC
carry,VVB
out,AVP
diy,NN1
and,CJC
many,DT0
other,AJ0
tasks,NN2
our,DPS
aim,NN1
is,VBZ
to,TO0
enable,VVI
people,NN0
to,TO0
live,VVI
and,CJC
to,TO0
die,VVI
at,PRP
home,NN1
if,CJS
that,DT0
is,VBZ
their,DPS
wish,NN1
and,CJC
appropriate,AJ0
to,PRP
their,DPS
needs,NN2
the,AT0
stigma,NN1
still,AV0
associated,VVN
with,PRP
aids,NN1
means,VVZ
that,CJT
often,AV0
those,DT0
who,PNQ
have,VHB
the,AT0
disease,NN1
are,VBB
isolated,VVN-AJ0
acet,NP0
ca,VM0
replace,VVI
family,NN1
and,CJC
friends,NN2
but,CJC
can,VM0
provide,VVI
the,AT0
practical,AJ0
care,NN1
and,CJC
support,VVB-NN1
to,TO0
enable,VVI
people,NN0
with,PRP
related,AJ0
illnesses,NN2
to,TO0
stay,VVI
at,PRP
home,NN1
education,NN1
acet,NP0
through,PRP
its,DPS
schools,NN2
education,NN1
programme,NN1
aims,VVZ
to,TO0
reduce,VVI
the,AT0
number,NN1
of,PRF
new,AJ0
infections,NN2
by,PRP
giving,VVG
young,AJ0
people,NN0
the,AT0
facts,NN2
about,PRP
aids,NN1
we,PNP
have,VHB
already,AV0
visited,VVN
over,AV0
schools,NN2
and,CJC
reached,VVD
pupils,NN2
overseas,AV0
acet,NP0
has,VHZ
already,AV0
been,VBN
drawn,VVN
overseas,AV0
and,CJC
is,VBZ
working,VVG
in,PRP
romania,NP0
uganda,NP0
and,CJC
tanzania,NP0
in,PRP
partnership,NN1
with,PRP
local,AJ0
projects,NN2
and,CJC
in,PRP
conjunction,NN1
with,PRP
government,NN1
programmes,NN2
our,DPS
assistance,NN1
is,VBZ
offered,VVN
sensitively,AV0
and,CJC
in,PRP
a,AT0
culturally,AV0
appropriate,AJ0
way,NN1
the,AT0
future,NN1
in,PRP
the,AT0
uk,NP0
we,PNP
have,VHB
offices,NN2
in,PRP
london,NP0
portsmouth,NP0
northampton,NP0
belfast,NP0
dundee,NP0
and,CJC
edinburgh,NP0
if,CJS
we,PNP
are,VBB
to,TO0
continue,VVI
providing,VVG
unconditional,AJ0
practical,AJ0
care,NN1
on,PRP
such,DT0
a,AT0
wide,AJ0
level,NN1
then,AV0
we,PNP
need,VVB
your,DPS
support,NN1
today,AV0
it,PNP
costs,VVZ
about,AV0
to,TO0
care,VVI
for,PRP
someone,PNI
between,PRP
referral,NN1
to,PRP
acet,NP0
and,CJC
their,DPS
death,NN1
this,DT0
works,VVZ
out,AVP
at,PRP
the,AT0
equivalent,NN1-AJ0
of,PRF
just,AV0-AJ0
per,PRP
day,NN1
all,DT0
our,DPS
programmes,NN2
need,VVB
your,DPS
continued,AJ0
support,NN1
despite,PRP
the,AT0
fact,NN1
that,CJT
we,PNP
do,VDB
hear,VVI
so,AV0
much,DT0
about,PRP
aids,NN1
these,DT0
days,NN2
the,AT0
problems,NN2
are,VBB
increasing,VVG-AJ0
if,CJS
you,PNP
would,VM0
like,VVI
to,TO0
support,VVI
the,AT0
work,NN1
of,PRF
acet,NP0
then,AV0
please,AV0
complete,VVB
the,AT0
coupon,NN1
and,CJC
return,VVB
it,PNP
to,PRP
us,PNP
today,AV0
thank,VVB
you,PNP
aids,NN1
a,AT0
caring,AJ0
response,NN1
acet,NP0
aids,NN1
care,NN1-VVB
education,NN1
and,CJC
training,NN1
is,VBZ
a,AT0
national,AJ0
and,CJC
international,AJ0
charity,NN1
with,PRP
offices,NN2
in,PRP
the,AT0
uk,NP0
romania,NP0
and,CJC
uganda,NP0
the,AT0
charity,NN1
was,VBD
launched,VVN
in,PRP
june,NP0
by,PRP
dr,NP0
patrick,NP0
dixon,NP0
a,AT0
specialist,NN1
in,PRP
care,NN1
for,PRP
the,AT0
dying,AJ0
and,CJC
author,NN1
or,CJC
books,NN2
on,PRP
the,AT0
subject,NN1
of,PRF
aids,NN1
initial,AJ0
sponsorship,NN1
was,VBD
provided,VVN
by,PRP
world,NN1
in,PRP
need,NN1
a,AT0
charity,NN1
which,DTQ
also,AV0
helped,VVD
launch,NN1-VVB
action,NN1
aid,NN1
and,CJC
help,VVB
the,AT0
aged,AJ0
acet,NP0
is,VBZ
committed,VVN
to,PRP
the,AT0
unconditional,AJ0
care,NN1
of,PRF
all,DT0
those,DT0
who,PNQ
are,VBB
ill,AJ0
with,PRP
regardless,AV0
of,PRF
race,NN1
religion,NN1
lifestyle,NN1
sex,NN1
sexuality,NN1
or,CJC
any,DT0
other,AJ0
factor,NN1
we,PNP
provide,VVB
professionally,AV0
based,VVN
practical,AJ0
home,NN1
care,NN1-VVB
to,PRP
men,NN2
women,NN2
and,CJC
children,NN2
who,PNQ
are,VBB
ill,AJ0
at,PRP
home,NN1
with,PRP
related,AJ0
illness,NN1
since,PRP
launching,VVG
our,DPS
uk,NP0
service,NN1-VVB
we,PNP
have,VHB
received,VVN
over,AV0
requests,NN2
for,PRP
practical,AJ0
help,NN1
this,DT0
makes,VVZ
us,PNP
the,AT0
largest,AJS
independent,AJ0
provider,NN1
of,PRF
practical,AJ0
home,NN1
care,NN1-VVB
to,PRP
people,NN0
with,PRP
aids,NN1
in,PRP
the,AT0
uk,NP0
donation,NN1
yes,ITJ
i,PNP
would,VM0
like,VVI
to,TO0
make,VVI
acet,NP0
home,NN1
care,NN1-VVB
service,NN1
and,CJC
education,NN1
programmes,NN2
more,AV0
widely,AV0
available,AJ0
and,CJC
enclose,VVB
a,AT0
donation,NN1
of,PRF
covenant,VVB-NN1
covenant,VVB-NN1
covenant,VVB-NN1
giving,VVG
to,PRP
acet,NP0
this,DT0
leaflet,NN1
tries,VVZ
to,TO0
answer,VVI
some,DT0
of,PRF
the,AT0
questions,NN2
you,PNP
might,VM0
have,VHI
on,PRP
giving,VVG
to,PRP
acet,NP0
by,PRP
covenant,NN1
is,VBZ
a,AT0
covenant,NN1-VVB
the,AT0
only,AJ0
method,NN1
of,PRF
giving,NN1-VVG
no,ITJ
since,PRP
it,PNP
has,VHZ
been,VBN
possible,AJ0
to,TO0
ask,VVI
your,DPS
employer,NN1
to,TO0
deduct,VVI
regular,AJ0
sums,NN2
from,PRP
your,DPS
pay,NN1
through,PRP
the,AT0
payroll,NN1
giving,VVG
scheme,NN1
up,AVP
to,PRP
a,AT0
maximum,NN1
of,PRF
per,UNC
annum,UNC
not,XX0
all,DT0
employers,NN2
offer,VVB
their,DPS
employees,NN2
this,DT0
facility,NN1
from,PRP
lst,NN0
october,NP0
there,EX0
is,VBZ
also,AV0
a,AT0
new,AJ0
scheme,NN1
called,VVN
gift,NN1
aid,NN1
which,DTQ
allows,VVZ
you,PNP
to,TO0
give,VVI
sums,NN2
of,PRF
or,CJC
more,AV0
to,PRP
a,AT0
charity,NN1
with,PRP
a,AT0
maximum,NN1
of,PRF
for,PRP
your,DPS
total,AJ0
charitable,AJ0
donations,NN2
in,PRP
any,DT0
tax,NN1
year,NN1
a,AT0
separate,AJ0
leaflet,NN1
gives,VVZ
details,NN2
of,PRF
that,DT0
scheme,NN1
is,VBZ
a,AT0
covenant,NN1
complicated,AJ0-VVN
not,XX0
really,AV0
a,AT0
deed,NN1
of,PRF
covenant,NN1
is,VBZ
a,AT0
legal,AJ0
document,NN1
which,DTQ
needs,VVZ
to,TO0
be,VBI
correctly,AV0
drawn,VVN
up,AVP
and,CJC
signed,VVD
the,AT0
law,NN1
relating,VVG
to,PRP
covenants,NN2
is,VBZ
quite,AV0
complex,AJ0
but,CJC
basically,AV0
a,AT0
covenant,NN1
is,VBZ
a,AT0
document,NN1
by,PRP
which,DTQ
you,PNP
transfer,VVB
some,DT0
of,PRF
your,DPS
income,NN1
to,PRP
a,AT0
charity,NN1
for,PRP
a,AT0
stated,AJ0
period,NN1
acet,NP0
is,VBZ
a,AT0
charity,NN1
registered,VVN-VVD
with,PRP
the,AT0
charity,NN1
commission,NN1
under,PRP
registration,NN1
number,NN1
as,AV0
far,AV0
as,CJS
you,PNP
are,VBB
concerned,AJ0
a,AT0
covenant,NN1
can,VM0
be,VBI
exceedingly,AV0
simple,AJ0
there,EX0
is,VBZ
a,AT0
simple,AJ0
covenant,NN1
form,NN1
attached,VVN
to,PRP
this,DT0
leaflet,NN1
which,DTQ
is,VBZ
quite,AV0
sufficient,AJ0
all,DT0
you,PNP
have,VHB
to,TO0
do,VDI
is,VBZ
to,TO0
fill,VVI
in,AVP
the,AT0
details,NN2
including,PRP
your,DPS
name,NN1
and,CJC
address,NN1-VVB
and,CJC
the,AT0
amount,NN1
you,PNP
wish,VVB
to,TO0
give,VVI
and,CJC
sign,NN1-VVB
and,CJC
date,VVB-NN1
the,AT0
document,NN1
in,PRP
front,NN1
of,PRF
a,AT0
witness,NN1
you,PNP
will,VM0
also,AV0
be,VBI
asked,VVN
to,TO0
sign,VVI
a,AT0
certificate,NN1
of,PRF
deduction,NN1
of,PRF
tax,NN1
once,AV0
a,AT0
year,NN1
confirming,VVG
that,CJT
you,PNP
are,VBB
a,AT0
uk,NP0
taxpayer,NN1
this,DT0
is,VBZ
all,DT0
you,PNP
need,VM0
do,VDI
for,PRP
the,AT0
tax,NN1
benefit,NN1
of,PRF
covenant,NN1
giving,VVG
to,TO0
work,VVI
the,AT0
value,NN1
of,PRF
your,DPS
gift,NN1
then,AV0
increases,VVZ
by,PRP
in,PRP
acet,NP0
hands,NN2
with,PRP
the,AT0
blessing,NN1
of,PRF
the,AT0
inland,AJ0
revenue,NN1
how,AVQ
long,AV0
does,VDZ
a,AT0
covenant,NN1
have,VHI
to,TO0
last,VVI
at,PRP
the,AT0
time,NN1
you,PNP
enter,VVB
a,AT0
deed,NN1
of,PRF
covenant,NN1
the,AT0
covenant,NN1
should,VM0
be,VBI
capable,AJ0
of,PRF
lasting,VVG
for,PRP
more,AV0
than,CJS
years,NN2
and,CJC
there,EX0
should,VM0
be,VBI
the,AT0
intention,NN1
by,PRP
you,PNP
that,CJT
it,PNP
does,VDZ
so,AV0
this,DT0
is,VBZ
why,AVQ
the,AT0
normal,AJ0
period,NN1
for,PRP
a,AT0
charitable,AJ0
covenant,NN1
is,VBZ
years,NN2
but,CJC
it,PNP
is,VBZ
possible,AJ0
to,TO0
have,VHI
a,AT0
covenant,NN1
which,DTQ
lasts,VVZ
for,PRP
a,AT0
longer,AJC
period,NN1
provided,VVN
that,CJT
the,AT0
period,NN1
is,VBZ
specified,VVN
in,PRP
the,AT0
deed,NN1
do,VDB
i,PNP
need,VVI
to,TO0
go,VVI
to,PRP
a,AT0
lawyer,NN1
no,ITJ
it,PNP
does,VDZ
not,XX0
need,VVI
a,AT0
lawyer,NN1
either,AV0
to,TO0
draw,VVI
up,AVP
any,DT0
document,NN1
or,CJC
to,TO0
advise,VVI
you,PNP
although,CJS
you,PNP
may,VM0
wish,VVI
to,TO0
consult,VVI
a,AT0
professional,AJ0
adviser,NN1
if,CJS
a,AT0
particularly,AV0
large,AJ0
sum,NN1
is,VBZ
involved,VVN
or,CJC
if,CJS
there,EX0
are,VBB
complicated,AJ0
conditions,NN2
surrounding,VVG
the,AT0
gift,NN1
how,AVQ
should,VM0
i,PNP
make,VVI
my,DPS
payments,NN2
you,PNP
can,VM0
pay,VVI
by,PRP
cash,NN1
or,CJC
by,PRP
cheque,NN1
if,CJS
you,PNP
pay,VVB
by,PRP
cash,NN1
you,PNP
will,VM0
normally,AV0
obtain,VVI
a,AT0
receipt,NN1
as,PRP
proof,NN1
of,PRF
payment,NN1
if,CJS
you,PNP
use,VVB
the,AT0
covenant,NN1
form,NN1
attached,VVN
to,PRP
this,DT0
leaflet,NN1
you,PNP
can,VM0
make,VVI
each,DT0
annual,AJ0
payment,NN1
at,PRP
any,DT0
time,NN1
or,CJC
by,PRP
any,DT0
instalments,NN2
you,PNP
wish,VVB
as,CJS
long,AJ0
as,CJS
you,PNP
make,VVB
the,AT0
full,AJ0
annual,AJ0
payment,NN1
by,PRP
the,AT0
end,NN1
of,PRF
each,DT0
period,NN1
since,CJS
you,PNP
are,VBB
agreeing,VVG
to,TO0
make,VVI
regular,AJ0
payments,NN2
over,PRP
a,AT0
number,NN1
of,PRF
years,NN2
it,PNP
is,VBZ
probably,AV0
easier,AJC
for,PRP
you,PNP
to,TO0
pay,VVI
by,PRP
banker,NN1
order,NN1
or,CJC
direct,AJ0
debit,NN1-VVB
mandate,NN1
when,CJS-AVQ
the,AT0
payments,NN2
will,VM0
automatically,AV0
be,VBI
made,VVN
from,PRP
your,DPS
bank,NN1
account,NN1-VVB
there,EX0
is,VBZ
a,AT0
banker,NN1
order,NN1
form,NN1
attached,VVN
to,PRP
this,DT0
leaflet,NN1
which,DTQ
you,PNP
can,VM0
use,VVI
make,VVB
sure,AJ0
that,CJT
the,AT0
amount,NN1
of,PRF
the,AT0
payment,NN1
is,VBZ
the,AT0
net,AJ0-NN1
sum,NN1
mentioned,VVN-VVD
in,PRP
the,AT0
deed,NN1
of,PRF
covenant,NN1
or,CJC
the,AT0
appropriate,AJ0
proportion,NN1
of,PRF
that,DT0
net,AJ0-NN1
sum,NN1
if,CJS
you,PNP
wish,VVB
to,TO0
pay,VVI
by,PRP
quarterly,NN1-AJ0
or,CJC
monthly,AJ0
instalments,NN2
also,AV0
make,VVB
sure,AJ0
that,CJT
the,AT0
banker,NN1
order,NN1
terminates,VVZ
with,PRP
the,AT0
final,AJ0
covenant,NN1
payment,NN1
can,VM0
i,PNP
increase,VVI
my,DPS
covenant,NN1
payment,NN1
the,AT0
simple,AJ0
answer,NN1
is,VBZ
no,ITJ
the,AT0
amount,NN1
of,PRF
the,AT0
annual,AJ0
covenant,NN1
payment,NN1
is,VBZ
specified,VVN
in,PRP
the,AT0
deed,NN1
and,CJC
this,DT0
is,VBZ
the,AT0
sum,NN1
that,CJT-DT0
is,VBZ
payable,AJ0
each,DT0
year,NN1
if,CJS
you,PNP
wish,VVB
to,TO0
increase,VVI
your,DPS
support,NN1
you,PNP
can,VM0
simply,AV0
write,VVI
a,AT0
cheque,NN1
for,PRP
the,AT0
additional,AJ0
amount,NN1
you,PNP
wish,VVB
to,TO0
give,VVI
but,CJC
this,DT0
is,VBZ
not,XX0
and,CJC
acet,NP0
will,VM0
not,XX0
benefit,VVI
from,PRP
the,AT0
additional,AJ0
increase,VVB-NN1
in,PRP
value,NN1
you,PNP
can,VM0
use,VVI
the,AT0
gift,NN1
aid,NN1
scheme,NN1
if,CJS
you,PNP
wish,VVB
to,TO0
give,VVI
another,DT0
or,CJC
more,AV0
or,CJC
you,PNP
can,VM0
enter,VVI
into,PRP
a,AT0
second,ORD
deed,NN1
of,PRF
covenant,NN1
committing,VVG
yourself,PNX
to,TO0
make,VVI
payments,NN2
under,PRP
both,AV0
the,AT0
existing,AJ0
and,CJC
new,AJ0
covenants,NN2
as,PRP-CJS
a,AT0
further,AJC
alternative,NN1
you,PNP
can,VM0
enter,VVI
into,PRP
a,AT0
supplemental,AJ0
deed,NN1
this,DT0
has,VHZ
the,AT0
effect,NN1
of,PRF
cancelling,VVG
your,DPS
existing,AJ0
covenant,NN1
and,CJC
in,PRP-AVP
return,NN1-VVB
you,PNP
commit,VVB
yourself,PNX
to,PRP
making,VVG
payments,NN2
under,PRP
the,AT0
new,AJ0
covenant,NN1
this,DT0
procedure,NN1
is,VBZ
perfectly,AV0
acceptable,AJ0
provided,VVN
that,CJT
your,DPS
new,AJ0
commitments,NN2
are,VBB
at,PRP
least,AV0
as,AV0
great,AJ0
as,CJS
the,AT0
remaining,AJ0
commitments,NN2
due,AJ0
under,PRP
the,AT0
orignal,AJ0
covenant,NN1
can,VM0
i,PNP
extend,VVI
my,DPS
covenant,NN1
if,CJS
i,PNP
wish,VVB
to,TO0
continue,VVI
making,VVG
payments,NN2
over,PRP
a,AT0
longer,AJC
period,NN1
again,AV0
the,AT0
answer,NN1
is,VBZ
no,ITJ
the,AT0
length,NN1
of,PRF
the,AT0
covenant,NN1
will,VM0
have,VHI
been,VBN
specified,VVN
in,PRP
the,AT0
deed,NN1
and,CJC
it,PNP
will,VM0
terminate,VVI
when,CJS
the,AT0
last,ORD
specified,VVD-VVN
annual,AJ0
payment,NN1
has,VHZ
been,VBN
made,VVN
at,PRP
that,DT0
stage,NN1
you,PNP
can,VM0
enter,VVI
into,PRP
a,AT0
new,AJ0
covenant,NN1
how,AVQ
much,DT0
can,VM0
i,PNP
covenant,VVI
covenant,VVB-NN1
payments,NN2
are,VBB
made,VVN
out,AVP
of,PRF
your,DPS
income,NN1
and,CJC
are,VBB
not,XX0
capital,AJ0-NN1
payments,NN2
you,PNP
could,VM0
covenant,VVI
all,DT0
your,DPS
taxable,AJ0
income,NN1
if,CJS
you,PNP
wished,VVD
remember,VVB
though,AV0
that,CJT
a,AT0
part,NN1
of,PRF
your,DPS
total,AJ0-NN1
income,NN1
will,VM0
not,XX0
be,VBI
subject,AJ0
to,PRP
tax,NN1
because,CJS
of,PRF
the,AT0
various,AJ0
tax,NN1
allowances,NN2
you,PNP
enjoy,VVB
personal,AJ0
allowances,NN2
mortgage,NN1
interest,NN1
relief,NN1
etc,AV0
if,CJS
you,PNP
are,VBB
planning,VVG
to,TO0
give,VVI
a,AT0
particularly,AV0
large,AJ0
sum,NN1
it,PNP
is,VBZ
always,AV0
more,AV0
advantageous,AJ0
to,TO0
give,VVI
out,AVP
of,PRF
income,NN1
by,PRP
covenant,NN1
than,CJS
to,TO0
give,VVI
a,AT0
capital,NN1-AJ0
sum,NN1
you,PNP
can,VM0
spread,VVI
the,AT0
payments,NN2
over,PRP-AVP
as,AV0
long,AV0
a,AT0
period,NN1
as,CJS
you,PNP
like,VVB
using,VVG
the,AT0
deposited,VVN
covenant,NN1-VVB
procedure,NN1
you,PNP
can,VM0
pay,VVI
over,PRP-AVP
the,AT0
whole,NN1
of,PRF
the,AT0
donation,NN1
in,PRP
go,NN1
and,CJC
we,PNP
can,VM0
give,VVI
you,PNP
full,AJ0
details,NN2
of,PRF
how,AVQ
to,TO0
do,VDI
this,DT0
alternatively,AV0
you,PNP
could,VM0
use,VVI
the,AT0
gift,NN1
aid,NN1
scheme,NN1
see,VVB
separate,AJ0
leaflet,NN1
what,DTQ
happens,VVZ
if,CJS
i,PNP
do,VDB
not,XX0
pay,VVI
uk,NP0
income,NN1
tax,NN1
this,DT0
can,VM0
cause,VVI
problems,NN2
since,CJS
you,PNP
agree,VVB
under,PRP-AVP
the,AT0
terms,NN2
of,PRF
the,AT0
covenant,NN1
to,TO0
make,VVI
payments,NN2
out,AVP
of,PRF
income,NN1
from,PRP
which,DTQ
tax,NN1-VVB
has,VHZ
been,VBN
deducted,VVN
if,CJS
you,PNP
have,VHB
not,XX0
paid,VVN
tax,NN1
then,AV0
you,PNP
would,VM0
not,XX0
be,VBI
able,AJ0
to,TO0
sign,VVI
a,AT0
certificate,NN1
of,PRF
deduction,NN1
of,PRF
tax,NN1
and,CJC
acet,NP0
would,VM0
not,XX0
be,VBI
able,AJ0
to,TO0
reclaim,VVI
tax,NN1
on,PRP
the,AT0
covenant,NN1
if,CJS
acet,NP0
did,VDD
somehow,AV0
reclaim,VVI
tax,NN1
on,PRP
the,AT0
covenant,NN1
then,AV0
you,PNP
would,VM0
be,VBI
liable,AJ0
to,TO0
pay,VVI
income,NN1
tax,NN1
to,PRP
the,AT0
inland,AJ0
revenue,NN1
on,PRP
the,AT0
amount,NN1
of,PRF
your,DPS
covenant,NN1
payment,NN1
so,AV0
if,CJS
you,PNP
are,VBB
not,XX0
a,AT0
uk,NP0
taxpayer,NN1
you,PNP
are,VBB
advised,VVN
not,XX0
to,TO0
enter,VVI
into,PRP
deeds,NN2
of,PRF
covenant,NN1
but,CJC
to,TO0
make,VVI
your,DPS
regular,AJ0
charitable,AJ0
payments,NN2
by,PRP
simple,AJ0
banker,NN1
order,NN1
without,PRP
any,DT0
covenant,NN1-VVB
you,PNP
may,VM0
in,PRP
fact,NN1
find,VVB
that,CJT
you,PNP
do,VDB
pay,VVI
some,DT0
tax,NN1
in,PRP
the,AT0
uk,NP0
if,CJS
you,PNP
have,VHB
dividend,NN1
or,CJC
receive,VVB
bank,NN1
or,CJC
building,NN1
society,NN1
interest,NN1
on,PRP
which,DTQ
tax,NN1-VVB
has,VHZ
been,VBN
paid,VVN
tax,NN1
will,VM0
have,VHI
been,VBN
deducted,VVN
at,PRP
source,NN1
and,CJC
this,DT0
will,VM0
enable,VVI
you,PNP
to,TO0
sign,VVI
a,AT0
certificate,NN1
of,PRF
deduction,NN1
of,PRF
tax,NN1
so,AV0
that,CJT
acet,NP0
can,VM0
obtain,VVI
the,AT0
advantages,NN2
of,PRF
covenant,NN1
giving,VVG
which,DTQ
spouse,NN1
should,VM0
enter,VVI
into,PRP
the,AT0
covenant,NN1
since,PRP
6th,ORD
april,NP0
married,AJ0
couples,NN2
have,VHB
been,VBN
taxed,VVN
independently,AV0
and,CJC
each,DT0
spouse,NN1
is,VBZ
responsible,AJ0
for,PRP
paying,VVG-AJ0
tax,NN1
on,PRP
own,DT0
income,NN1
if,CJS
you,PNP
do,VDB
not,XX0
pay,VVI
income,NN1
tax,NN1
but,CJC
your,DPS
spouse,NN1
does,VDZ
you,PNP
should,VM0
not,XX0
enter,VVI
into,PRP
a,AT0
deed,NN1
of,PRF
covenant,NN1
on,PRP
your,DPS
own,DT0
either,AV0
you,PNP
should,VM0
ask,VVI
your,DPS
spouse,NN1
to,TO0
enter,VVI
into,PRP
the,AT0
covenant,NN1
or,CJC
you,PNP
could,VM0
enter,VVI
into,PRP
a,AT0
joint,AJ0
deed,NN1
of,PRF
covenant,NN1
signed,VVN
by,PRP-AVP
both,AV0
you,PNP
and,CJC
your,DPS
spouse,NN1
in,PRP
either,DT0
event,NN1
your,DPS
spouse,NN1
should,VM0
actually,AV0
make,VVI
the,AT0
covenant,NN1
payments,NN2
not,XX0
you,PNP
in,PRP
the,AT0
same,DT0
way,NN1
if,CJS
your,DPS
spouse,NN1
pays,VVZ
income,NN1
tax,NN1
at,PRP
the,AT0
higher,AJC
rate,NN1
and,CJC
you,PNP
pay,VVB
tax,NN1
at,PRP
only,AV0
the,AT0
lower,AV0
basic,AJ0
rate,NN1
then,AV0
in,PRP
order,NN1
to,TO0
obtain,VVI
higher,AJC
rate,NN1
tax,NN1
relief,NN1
your,DPS
spouse,NN1
should,VM0
enter,VVI
into,PRP
the,AT0
covenant,NN1
or,CJC
into,PRP
a,AT0
joint,AJ0
deed,NN1
of,PRF
covenant,NN1
with,PRP
you,PNP
and,CJC
should,VM0
actually,AV0
make,VVI
the,AT0
covenant,NN1
payments,NN2
this,DT0
higher,AJC
rate,NN1
tax,NN1
relief,NN1
will,VM0
save,VVI
of,PRF
the,AT0
cost,NN1
of,PRF
the,AT0
covenant,NN1
payments,NN2
covenant,VVB-NN1
form,NN1-VVB
for,PRP
uk,NP0
tax,NN1
payers,NN2
can,VM0
i,PNP
backdate,VVI
a,AT0
covenant,NN1
to,TO0
cover,VVI
donations,NN2
i,PNP
have,VHB
already,AV0
made,VVN
the,AT0
answer,NN1
is,VBZ
no,ITJ
a,AT0
covenant,NN1
is,VBZ
a,AT0
legally,AV0
binding,AJ0-VVG
document,NN1
to,TO0
make,VVI
regular,AJ0
donations,NN2
and,CJC
such,DT0
donations,NN2
must,VM0
be,VBI
made,VVN
under,PRP
the,AT0
terms,NN2
of,PRF
an,AT0
existing,AJ0
deed,NN1
of,PRF
covenant,NN1
for,PRP
tax,NN1
to,TO0
be,VBI
reclaimable,AJ0
thus,AV0
the,AT0
first,ORD
payment,NN1
should,VM0
be,VBI
on,AVP-PRP
or,CJC
after,PRP
the,AT0
date,NN1
on,PRP
which,DTQ
the,AT0
deed,NN1
of,PRF
covenant,NN1
is,VBZ
signed,VVN
you,PNP
can,VM0
not,XX0
simply,AV0
draw,VVI
up,AVP
a,AT0
covenant,NN1
or,CJC
a,AT0
deposited,VVN
covenant,NN1-VVB
agreement,NN1
to,TO0
cover,VVI
a,AT0
donation,NN1
you,PNP
have,VHB
already,AV0
made,VVN
in,PRP
the,AT0
hope,NN1
that,CJT
acet,NP0
can,VM0
obtain,VVI
tax,NN1
advantage,NN1
on,PRP
the,AT0
sum,NN1
given,VVN
however,AV0
it,PNP
can,VM0
be,VBI
possible,AJ0
for,PRP
the,AT0
documents,NN2
to,TO0
be,VBI
signed,VVN
after,CJS
you,PNP
have,VHB
sent,VVN
a,AT0
payment,NN1
by,PRP
cheque,NN1
provided,VVN
that,CJT
you,PNP
arrange,VVB
for,PRP
us,PNP
to,TO0
hold,VVI
the,AT0
cheque,NN1
and,CJC
not,XX0
pay,VVB
it,PNP
into,PRP
the,AT0
bank,NN1
until,CJS
we,PNP
have,VHB
received,VVN
the,AT0
signed,AJ0
deed,NN1
of,PRF
covenant,NN1
what,DTQ
happens,VVZ
if,CJS
i,PNP
have,VHB
difficulty,NN1
in,PRP
continuing,VVG-AJ0
to,TO0
make,VVI
payments,NN2
if,CJS
this,DT0
unlikely,AJ0
situation,NN1
arises,VVZ
you,PNP
should,VM0
discuss,VVI
the,AT0
problem,NN1
with,PRP
us,PNP
although,CJS
acet,NP0
like,PRP
any,DT0
charity,NN1
does,VDZ
not,XX0
have,VHI
the,AT0
power,NN1
to,TO0
release,VVI
you,PNP
from,PRP
the,AT0
agreement,NN1
it,PNP
is,VBZ
likely,AJ0
to,TO0
be,VBI
sympathetic,AJ0
for,PRP
instance,NN1
we,PNP
can,VM0
suggest,VVI
ways,NN2
of,PRF
rescheduling,VVG
the,AT0
payments,NN2
over,PRP
a,AT0
longer,AJC
period,NN1
whatever,DTQ
happens,VVZ
any,DT0
tax,NN1
relief,NN1
obtained,VVN
on,PRP
donations,NN2
you,PNP
have,VHB
already,AV0
made,VVN
will,VM0
not,XX0
be,VBI
lost,VVN
it,PNP
is,VBZ
possible,AJ0
to,TO0
include,VVI
in,PRP
the,AT0
wording,NN1
of,PRF
the,AT0
deed,NN1
that,CJT
the,AT0
covenant,NN1
will,VM0
cease,VVI
if,CJS
certain,AJ0
conditions,NN2
occur,VVB
for,PRP
example,NN1
if,CJS
you,PNP
become,VVB
unemployed,AJ0
or,CJC
your,DPS
income,NN1
falls,VVZ-NN2
below,PRP
a,AT0
certain,AJ0
level,NN1
but,CJC
unless,CJS
you,PNP
are,VBB
considering,VVG
a,AT0
particularly,AV0
large,AJ0
donation,NN1
it,PNP
is,VBZ
unlikely,AJ0
that,CJT
you,PNP
would,VM0
need,VVI
to,TO0
include,VVI
any,DT0
complicated,AJ0
form,NN1
of,PRF
wording,NN1
the,AT0
inland,AJ0
revenue,NN1
will,VM0
not,XX0
accept,VVI
escape,NN1-VVB
conditions,NN2
which,DTQ
would,VM0
effectively,AV0
enable,VVI
you,PNP
to,TO0
terminate,VVI
the,AT0
covenant,NN1
of,PRF
your,DPS
own,DT0
volition,NN1
gift,NN1
aid,NN1
gift,NN1
aid,NN1
giving,VVG
to,PRP
acet,NP0
by,PRP
gift,NN1
aid,NN1
this,DT0
leaflet,NN1
tries,VVZ
to,TO0
answer,VVI
some,DT0
of,PRF
the,AT0
questions,NN2
you,PNP
might,VM0
have,VHI
on,PRP
giving,VVG
to,PRP
acet,NP0
through,PRP
the,AT0
gift,NN1
aid,NN1
scheme,NN1
what,DTQ
is,VBZ
gift,NN1
aid,NN1
gift,NN1
aid,NN1
is,VBZ
a,AT0
scheme,NN1
which,DTQ
gives,VVZ
tax,NN1
relief,NN1
for,PRP
contributions,NN2
to,PRP
charity,NN1
and,CJC
it,PNP
came,VVD
into,PRP
force,NN1
on,PRP
1st,ORD
october,NP0
until,PRP
then,AV0
an,AT0
individual,NN1
could,VM0
obtain,VVI
income,NN1
tax,NN1
relief,NN1
for,PRP
a,AT0
gift,NN1
to,PRP
charity,NN1
only,AV0
if,CJS
the,AT0
gift,NN1
was,VBD
made,VVN
under,PRP
a,AT0
deed,NN1
of,PRF
covenant,NN1
how,AVQ
does,VDZ
gift,NN1
aid,NN1
work,NN1-VVB
the,AT0
mechanism,NN1
of,PRF
gift,NN1
aid,NN1
is,VBZ
very,AV0
simple,AJ0
provided,CJS
the,AT0
gift,NN1
is,VBZ
at,PRP
least,AV0
it,PNP
will,VM0
be,VBI
regarded,VVN
as,CJS
having,VHG
been,VBN
paid,VVN
net,AJ0
of,PRF
basic,AJ0
rate,NN1
tax,NN1
the,AT0
charity,NN1
is,VBZ
able,AJ0
to,TO0
recover,VVI
the,AT0
basic,AJ0
rate,NN1
tax,NN1
deducted,VVN-VVD
and,CJC
the,AT0
donor,NN1
can,VM0
if,CJS
appropriate,AJ0
obtain,VVB
higher,AJC
rate,NN1
tax,NN1
relief,NN1
on,PRP
his,DPS
payment,NN1
say,VVB
for,PRP
example,NN1
you,PNP
pay,VVB
to,PRP
acet,NP0
under,PRP
gift,NN1
aid,NN1
the,AT0
net,AJ0-NN1
payment,NN1
is,VBZ
equivalent,AJ0
to,PRP
a,AT0
gross,AJ0
sum,NN1
of,PRF
acet,NP0
an,AT0
claim,NN1
repayment,NN1
of,PRF
so,CJS
it,PNP
received,VVD
the,AT0
full,AJ0
if,CJS
you,PNP
pay,VVB
tax,NN1
at,PRP
the,AT0
higher,AJC
rate,NN1
you,PNP
will,VM0
personally,AV0
obtain,VVI
further,AJC
relief,NN1
of,PRF
on,PRP
the,AT0
gross,AJ0
figure,NN1
so,AV0
making,VVG
the,AT0
net,AJ0-NN1
cost,NN1
of,PRF
the,AT0
payment,NN1
to,PRP
you,PNP
the,AT0
tax,NN1
rates,NN2
cited,VVN
are,VBB
those,DT0
in,PRP
force,NN1
in,PRP
the,AT0
key,NN1-AJ0
to,PRP
the,AT0
working,NN1
of,PRF
gift,NN1
aid,NN1
is,VBZ
a,AT0
certificate,NN1
which,DTQ
must,VM0
be,VBI
signed,VVN
by,PRP
the,AT0
donor,NN1
without,PRP
that,DT0
certificate,NN1
the,AT0
charity,NN1
can,VM0
not,XX0
obtain,VVI
the,AT0
repayment,NN1
of,PRF
the,AT0
basic,AJ0
rate,NN1
tax,NN1
and,CJC
the,AT0
donor,NN1
can,VM0
not,XX0
get,VVI
higher,AJC
rate,NN1
relief,NN1
the,AT0
inland,AJ0
revenue,NN1
form,NN1-VVB
contains,VVZ
the,AT0
certificate,NN1
and,CJC
the,AT0
form,NN1
requires,VVZ
the,AT0
donor,NN1
to,TO0
state,VVI
that,CJT
he,PNP
satisfies,VVZ
all,DT0
the,AT0
conditions,NN2
relating,VVG
to,PRP
gift,NN1
aid,NN1
as,CJS
to,PRP
which,DTQ
see,VVB
below,AV0
including,PRP
the,AT0
fact,NN1
that,CJT
he,PNP
has,VHZ
paid,VVN
or,CJC
will,VM0
pay,VVI
tax,VVB-NN1
equal,AJ0
to,PRP
the,AT0
basic,AJ0
rate,NN1
on,PRP
the,AT0
gross,AJ0
amount,NN1
of,PRF
the,AT0
gift,NN1
in,PRP
the,AT0
above,AJ0
example,NN1
the,AT0
gross,AJ0
amount,NN1
of,PRF
the,AT0
gift,NN1
was,VBD
so,CJS
the,AT0
donor,NN1
would,VM0
have,VHI
to,TO0
certify,VVI
that,CJT
he,PNP
would,VM0
be,VBI
paying,VVG-AJ0
tax,NN1
of,PRF
at,PRP
least,AV0
this,DT0
last,ORD
point,NN1
must,VM0
not,XX0
be,VBI
overlooked,VVN
and,CJC
may,VM0
prevent,VVI
large,AJ0
capital,NN1
sums,NN2-VVZ
being,VBG
passed,VVN
under,PRP
gift,NN1
aid,NN1
but,CJC
see,VVB
below,AV0
you,PNP
also,AV0
need,VVB
to,TO0
bear,VVI
in,PRP
mind,NN1
that,CJT
you,PNP
may,VM0
have,VHI
other,AJ0
payments,NN2
under,PRP
existing,AJ0
deeds,NN2
of,PRF
covenant,NN1
or,CJC
other,AJ0
payments,NN2
made,VVN-VVD
under,PRP
gift,NN1
aid,NN1
in,PRP
the,AT0
same,DT0
tax,NN1
year,NN1
and,CJC
you,PNP
will,VM0
need,VVI
to,TO0
have,VHI
a,AT0
taxable,AJ0
income,NN1
at,PRP
least,AV0
equal,AJ0
to,PRP
the,AT0
gross,AJ0
amount,NN1
of,PRF
all,DT0
these,DT0
payment,NN1
as,CJS
well,AV0
as,CJS
the,AT0
gift,NN1
aid,NN1
payment,NN1
being,VBG
contemplated,VVN
otherwise,AV0
you,PNP
will,VM0
have,VHI
to,TO0
account,VVI
to,PRP
the,AT0
revenue,NN1
for,PRP
some,DT0
tax,NN1
what,DTQ
are,VBB
the,AT0
advantages,NN2
of,PRF
gift,NN1
aid,NN1-VVB
over,PRP-AVP
a,AT0
deed,NN1
of,PRF
covenant,NN1
there,EX0
are,VBB
several,DT0
differences,NN2
to,TO0
be,VBI
effective,AJ0
for,PRP
tax,NN1
purposes,NN2-VVZ
a,AT0
deed,NN1
of,PRF
covenant,NN1
has,VHZ
to,TO0
turn,VVI
for,PRP
a,AT0
period,NN1
capable,AJ0
to,PRP
exceeding,VVG
years,NN2
the,AT0
intention,NN1
of,PRF
a,AT0
gift,NN1
aid,NN1
scheme,NN1
is,VBZ
to,TO0
encourage,VVI
giving,VVG
without,PRP
the,AT0
donor,NN1
being,VBG
tied,VVN
to,PRP
a,AT0
particular,AJ0
charity,NN1
for,PRP
this,DT0
length,NN1
of,PRF
time,NN1
under,PRP
gift,NN1
aid,NN1-VVB
there,EX0
are,VBB
no,AT0
formalities,NN2
at,PRP
the,AT0
time,NN1
of,PRF
the,AT0
gift,NN1
just,AV0
a,AT0
cheque,NN1
or,CJC
cash,NN1-VVB
gift,NN1
to,PRP
the,AT0
charity,NN1
the,AT0
certificate,NN1
on,PRP
form,NN1
must,VM0
be,VBI
completed,VVN
but,CJC
this,DT0
can,VM0
be,VBI
done,VDN
at,PRP
any,DT0
time,NN1
and,CJC
amounts,VVZ
to,PRP
little,DT0
more,DT0
than,CJS
a,AT0
claim,NN1
procedure,NN1
with,PRP
a,AT0
payment,NN1
under,PRP
covenant,NN1
the,AT0
deed,NN1
of,PRF
covenant,NN1
has,VHZ
to,TO0
be,VBI
filled,VVN
in,AVP
corrected,AJ0-VVD
before,CJS
a,AT0
payment,NN1
is,VBZ
made,VVN
since,CJS
gift,NN1
aids,NN2
applies,VVZ
to,PRP
a,AT0
single,AJ0
gifts,NN2
it,PNP
can,VM0
be,VBI
a,AT0
very,AV0
useful,AJ0
means,NN0
of,PRF
making,VVG
a,AT0
charitable,AJ0
gift,NN1
towards,PRP
the,AT0
end,NN1
of,PRF
the,AT0
tax,NN1
year,NN1
when,AVQ-CJS
your,DPS
taxable,AJ0
income,NN1
for,PRP
the,AT0
year,NN1
can,VM0
be,VBI
estimated,VVN
with,PRP
some,DT0
degree,NN1
of,PRF
precision,NN1
this,DT0
applies,VVZ
particularly,AV0
to,PRP
persons,NN2
but,CJC
to,TO0
gain,VVI
the,AT0
advantages,NN2
of,PRF
the,AT0
gift,NN1
aid,NN1
scheme,NN1-VVB
certain,AJ0
conditions,NN2
have,VHB
to,TO0
be,VBI
complied,VVN
with,PRP
what,DTQ
are,VBB
the,AT0
conditions,NN2
to,PRP
gift,NN1
aid,NN1
cash,VVB-NN1
only,AV0
only,AV0
payments,NN2
of,PRF
cash,NN1
of,PRF
at,PRP
least,AV0
fall,NN1
within,PRP
the,AT0
scope,NN1
of,PRF
gift,NN1
aid,NN1
cash,NN1
includes,VVZ
cheque,NN1
payments,NN2
bank,NN1-VVB
transfers,NN2
and,CJC
credit,NN1-VVB
card,NN1
payments,NN2
thus,AV0
the,AT0
transfer,NN1
of,PRF
an,AT0
asset,NN1
to,PRP
a,AT0
charity,NN1
a,AT0
work,NN1
of,PRF
art,NN1
will,VM0
not,XX0
qualify,VVI
although,CJS
there,EX0
are,VBB
other,AJ0
ways,NN2
for,PRP
a,AT0
charity,NN1
to,TO0
obtain,VVI
tax,NN1
relief,NN1
on,PRP
the,AT0
gift,NN1
of,PRF
an,AT0
asset,NN1
nor,CJC
will,VM0
it,PNP
be,VBI
possible,AJ0
to,TO0
make,VVI
a,AT0
regular,AJ0
contributions,NN2
below,PRP
the,AT0
limit,NN1-VVB
though,AV0
see,VVB
below,AV0
no,AT0
repayment,NN1
a,AT0
payment,NN1
only,AV0
qualifies,VVZ
under,PRP
gift,NN1
aid,NN1
if,CJS
it,PNP
is,VBZ
a,AT0
gift,NN1
thus,AV0
it,PNP
must,VM0
be,VBI
made,VVN
absolutely,AV0
with,PRP
no,AT0
conditions,NN2
about,PRP
repayment,NN1
no,AT0
debt,NN1
cancelled,VVD-VVN
gift,NN1
aid,NN1
may,VM0
not,XX0
be,VBI
used,VVN
by,PRP
a,AT0
donor,NN1
as,PRP
a,AT0
means,NN0
of,PRF
writing,NN1
of,PRF
a,AT0
debt,NN1
or,CJC
loan,NN1
owed,VVN-VVD
to,PRP
him,PNP
by,PRP
the,AT0
charity,NN1
no,AT0
benefit,NN1-VVB
any,DT0
benefit,NN1
enjoyed,VVN
by,PRP
the,AT0
donor,NN1
or,CJC
a,AT0
connected,AJ0
person,NN1
as,PRP
a,AT0
consequence,NN1
of,PRF
making,VVG
a,AT0
gift,NN1
under,PRP
gift,NN1
aid,NN1
must,VM0
not,XX0
exceed,VVI
the,AT0
lower,AJC
of,PRF
or,CJC
of,PRF
the,AT0
value,NN1
of,PRF
the,AT0
gift,NN1
a,AT0
connected,AJ0
person,NN1
broadly,AV0
speaking,VVG
means,VVZ
any,DT0
close,AJ0
relative,NN1
not,XX0
connected,VVN
with,PRP
acquisition,NN1
of,PRF
property,NN1
a,AT0
payment,NN1
will,VM0
not,XX0
qualify,VVI
under,PRP
gift,NN1
aid,NN1
if,CJS
it,PNP
is,VBZ
made,VVN
to,TO0
enable,VVI
the,AT0
charity,NN1
to,TO0
purchase,VVI
a,AT0
property,NN1
or,CJC
other,AJ0
assets,NN2
from,PRP
the,AT0
donor,NN1
or,CJC
from,PRP
a,AT0
connected,AJ0
person,NN1
uk,NP0
resident,NN1
the,AT0
donor,NN1
must,VM0
be,VBI
resident,AJ0
in,PRP
the,AT0
united,NP0
kingdom,NP0
at,PRP
the,AT0
time,NN1
that,CJT
the,AT0
gift,NN1
is,VBZ
made,VVN
if,CJS
a,AT0
nonresident,NN1-AJ0
wishes,VVZ-NN2
to,TO0
make,VVI
a,AT0
tax,NN1
effective,AJ0
gift,NN1
out,AVP
of,PRF
uk,NP0
source,NN1
income,NN1
he,PNP
should,VM0
use,VVI
a,AT0
deed,NN1
of,PRF
covenant,NN1
minimum,NN1-AJ0
and,CJC
maximum,AJ0
amounts,NN2
the,AT0
minimum,AJ0-NN1
donation,NN1
which,DTQ
an,AT0
individual,NN1
can,VM0
make,VVI
under,PRP
the,AT0
gift,NN1
aid,NN1
is,VBZ
the,AT0
total,AJ0
donations,NN2
which,DTQ
an,AT0
individual,NN1
may,VM0
make,VVI
under,PRP
gift,NN1
aid,NN1
in,PRP
any,DT0
tax,NN1
year,NN1
must,VM0
not,XX0
exceed,VVI
what,DTQ
if,CJS
i,PNP
wish,VVB
to,TO0
give,VVI
small,AJ0
amounts,NN2
regularly,AV0
over,PRP-AVP
a,AT0
period,NN1
payments,NN2
qualify,VVB
for,PRP
tax,NN1
relief,NN1
under,PRP
gift,NN1
aid,NN1-VVB
only,AV0
if,CJS
the,AT0
donation,NN1
is,VBZ
for,PRP
or,CJC
more,AV0
if,CJS
you,PNP
wish,VVB
to,TO0
give,VVI
small,AJ0
amounts,NN2
regularly,AV0
monthly,AJ0
you,PNP
could,VM0
accumulate,VVI
the,AT0
money,NN1
in,PRP
a,AT0
separate,AJ0
account,NN1
and,CJC
then,AV0
convert,VVB
this,DT0
to,PRP
a,AT0
gift,NN1
to,PRP
acet,NP0
every,AT0
time,NN1
the,AT0
amount,NN1
reaches,VVZ
in,PRP
this,DT0
way,NN1
your,DPS
gift,NN1
to,PRP
acet,NP0
will,VM0
qualify,VVI
for,PRP
gift,NN1
aid,NN1
relief,NN1
even,AV0
though,CJS
the,AT0
monthly,AJ0
payments,NN2
would,VM0
be,VBI
too,AV0
small,AJ0
to,TO0
do,VDI
so,AV0
thus,AV0
if,CJS
you,PNP
set,VVB
aside,AV0
per,PRP
month,NN1
it,PNP
would,VM0
take,VVI
years,NN2
to,TO0
accumulate,VVI
the,AT0
minimum,NN1
for,PRP
the,AT0
gift,NN1
aid,NN1
scheme,NN1
if,CJS
for,PRP
any,DT0
reason,NN1-VVB
you,PNP
wanted,VVD
to,TO0
give,VVI
each,DT0
monthly,AJ0
payment,NN1
direct,AJ0-AV0
to,PRP
acet,NP0
we,PNP
could,VM0
hold,VVI
the,AT0
money,NN1
in,PRP
an,AT0
account,NN1
in,PRP
your,DPS
name,NN1
until,CJS
the,AT0
amount,NN1
accumulated,VVN-AJ0
reaches,VVZ-NN2
the,AT0
threshold,NN1
care,NN1-VVB
would,VM0
be,VBI
needed,VVN
with,PRP
the,AT0
wording,NN1
used,VVN-VVD
in,PRP-AVP
any,DT0
such,DT0
scheme,NN1
and,CJC
acet,NP0
can,VM0
give,VVI
you,PNP
more,AV0
details,NN2
about,PRP
this,DT0
what,DTQ
if,CJS
i,PNP
wish,VVB
to,TO0
give,VVI
a,AT0
sum,NN1
of,PRF
capital,NN1
or,CJC
a,AT0
sum,NN1
in,PRP
excess,NN1
of,PRF
my,DPS
annual,AJ0
taxable,AJ0
income,NN1
if,CJS
you,PNP
wish,VVB
to,TO0
give,VVI
a,AT0
capital,NN1-AJ0
sum,NN1
to,PRP
acet,NP0
from,PRP
an,AT0
inheritance,NN1
your,DPS
have,VHB
received,VVN
or,CJC
an,AT0
amount,NN1
of,PRF
money,NN1
that,CJT
exceeds,VVZ
your,DPS
taxable,AJ0
for,PRP
the,AT0
tax,NN1
year,NN1
of,PRF
the,AT0
gift,NN1
acet,NP0
can,VM0
still,AV0
get,VVI
tax,NN1
relief,NN1
on,PRP
your,DPS
gift,NN1
if,CJS
you,PNP
enter,VVB
into,PRP
a,AT0
deposited,VVN
covenant,NN1-VVB
arrangement,NN1
this,DT0
is,VBZ
quite,AV0
separate,AJ0
from,PRP
gift,NN1
aid,NN1
and,CJC
details,NN2
can,VM0
be,VBI
supplied,VVN
on,PRP
request,NN1
likewise,AV0
if,CJS
you,PNP
wished,VVD
to,TO0
make,VVI
a,AT0
single,AJ0
gift,NN1
to,PRP
acet,NP0
of,PRF
less,AV0
than,CJS
then,AV0
assuming,VVG
that,CJT
you,PNP
are,VBB
a,AT0
taxpayer,NN1
you,PNP
can,VM0
enable,VVI
acet,NP0
to,TO0
get,VVI
the,AT0
benefit,NN1
of,PRF
tax,NN1
relief,NN1
by,PRP
the,AT0
same,DT0
deposited,VVD
covenant,NN1-VVB
arrangement,NN1
donation,NN1
what,DTQ
happens,VVZ
if,CJS
i,PNP
do,VDB
not,XX0
pay,VVI
uk,NP0
income,NN1
tax,NN1
this,DT0
can,VM0
cause,VVI
problems,NN2
because,CJS
if,CJS
you,PNP
do,VDB
not,XX0
pay,VVI
tax,NN1
then,AV0
you,PNP
will,VM0
not,XX0
be,VBI
able,AJ0
to,TO0
sign,VVI
the,AT0
certificate,NN1
on,PRP
form,NN1
and,CJC
acet,NP0
would,VM0
not,XX0
be,VBI
able,AJ0
to,TO0
basic,AJ0
rate,NN1
on,PRP
the,AT0
payment,NN1
if,CJS
acet,NP0
did,VDD
somehow,AV0
reclaim,VVI
tax,NN1
on,PRP
the,AT0
payment,NN1
then,AV0
you,PNP
would,VM0
be,VBI
liable,AJ0
to,TO0
pay,VVI
income,NN1
tax,NN1
to,PRP
the,AT0
inland,AJ0
revenue,NN1
on,PRP
the,AT0
amount,NN1
of,PRF
your,DPS
gift,NN1
aid,NN1
payment,NN1
so,AV0
if,CJS
you,PNP
are,VBB
not,XX0
a,AT0
uk,NP0
taxpayer,NN1
you,PNP
are,VBB
advised,VVN
not,XX0
to,TO0
make,VVI
a,AT0
payment,NN1
under,PRP
the,AT0
gift,NN1
aid,NN1
scheme,NN1
but,CJC
to,TO0
make,VVI
a,AT0
straight,AJ0
payment,NN1
by,PRP
cash,NN1
or,CJC
cheque,NN1
you,PNP
may,VM0
in,PRP
fact,NN1
find,VVB
that,CJT
you,PNP
do,VDB
pay,VVI
some,DT0
tax,NN1
in,PRP
the,AT0
uk,NP0
if,CJS
you,PNP
have,VHB
dividends,NN2
or,CJC
receive,VVB
bank,NN1
or,CJC
building,NN1
society,NN1
interest,NN1
on,PRP
which,DTQ
tax,NN1-VVB
has,VHZ
been,VBN
paid,VVN
tax,NN1
will,VM0
have,VHI
beed,NN1
deducted,VVN-VVD
at,PRP
source,NN1
and,CJC
this,DT0
will,VM0
enable,VVI
you,PNP
to,TO0
sign,VVI
a,AT0
certificate,NN1
so,AV0
that,CJT
acet,NP0
can,VM0
obtain,VVI
the,AT0
advantages,NN2
of,PRF
the,AT0
gift,NN1
aid,NN1
scheme,NN1
which,DTQ
spouse,NN1
should,VM0
make,VVI
the,AT0
gift,NN1
aid,NN1
payment,NN1
since,PRP
6th,ORD
april,NP0
married,AJ0
couples,NN2
have,VHB
been,VBN
taxed,VVN
independently,AV0
and,CJC
each,DT0
spouse,NN1
is,VBZ
responsible,AJ0
for,PRP
paying,VVG-AJ0
tax,NN1
on,PRP
own,DT0
income,NN1
if,CJS
you,PNP
do,VDB
not,XX0
pay,VVI
income,NN1
tax,NN1
but,CJC
your,DPS
spouse,NN1
does,VDZ
then,AV0
your,DPS
spouse,NN1
should,VM0
make,VVI
the,AT0
gift,NN1
aid,NN1
payment,NN1
similarly,AV0
if,CJS
your,DPS
spouse,NN1
pays,VVZ
income,NN1
tax,NN1
at,PRP
the,AT0
higher,AJC
rate,NN1
and,CJC
you,PNP
pay,VVB
tax,NN1
at,PRP
only,AV0
the,AT0
lower,AV0
basic,AJ0
rate,NN1
then,AV0
your,DPS
spouse,NN1
should,VM0
make,VVI
the,AT0
gift,NN1
aid,NN1
payment,NN1
in,PRP
order,NN1
to,TO0
obtain,VVI
the,AT0
higher,AJC
rate,NN1
relief,NN1
legacy,NN1
leaving,VVG
a,AT0
legacy,NN1
to,PRP
acet,NP0
why,AVQ
should,VM0
i,PNP
make,VVI
a,AT0
will,NN1-NP0
if,CJS
i,PNP
do,VDB
make,VVI
a,AT0
will,NP0-NN1
then,AV0
the,AT0
distribution,NN1
of,PRF
what,DTQ
you,PNP
possess,VVB
when,CJS
you,PNP
die,VVB
may,VM0
not,XX0
be,VBI
as,CJS
you,PNP
would,VM0
wish,VVI
many,DT0
people,NN0
wrongly,AV0
assume,VVB
that,CJT
all,DT0
they,PNP
have,VHB
automatically,AV0
goes,VVZ
to,PRP
their,DPS
loved,AJ0
ones,NN2
this,DT0
is,VBZ
necessarily,AV0
so,AV0
and,CJC
by,PRP
neglecting,VVG
to,TO0
make,VVI
a,AT0
valid,AJ0
legal,AJ0
will,NN1-NP0
families,NN2
put,VVI
at,PRP
risk,NN1-VVB
the,AT0
security,NN1
and,CJC
future,NN1
of,PRF
their,DPS
nearest,AJS
and,CJC
dearest,AJS
also,AV0
by,PRP
making,VVG
a,AT0
proper,AJ0
will,VM0
you,PNP
could,VM0
well,AV0
save,VVI
your,DPS
dependants,NN2
from,PRP
paying,VVG
an,AT0
unnecessary,AJ0
amount,NN1
of,PRF
inheritance,NN1
tax,NN1
death,NN1
duties,NN2
moreover,AV0
death,NN1
is,VBZ
a,AT0
time,NN1
of,PRF
great,AJ0
stress,NN1
to,PRP
those,DT0
you,PNP
love,VVB
most,AV0
not,XX0
to,TO0
have,VHI
made,VVN
a,AT0
will,NN1-NP0
can,VM0
only,AV0
add,VVI
to,PRP
that,DT0
stress,NN1
how,AVQ
do,VDB
i,PNP
make,VVI
a,AT0
will,NN1-NP0
there,EX0
is,VBZ
nothing,PNI
complicated,VVN
about,PRP
it,PNP
a,AT0
will,NN1-NP0
is,VBZ
simply,AV0
a,AT0
clear,AJ0
statement,NN1
about,PRP
how,AVQ
your,DPS
money,NN1
and,CJC
possessions,NN2
are,VBB
to,TO0
be,VBI
divided,VVN
when,CJS
you,PNP
die,VVB
but,CJC
do,VDB
not,XX0
make,VVI
one,PNI-CRD
without,PRP
the,AT0
advice,NN1
of,PRF
a,AT0
solicitor,NN1
he,PNP
will,VM0
help,VVI
you,PNP
draw,VVI
up,AVP
accurately,AV0
what,DTQ
you,PNP
need,VVB
to,TO0
say,VVI
he,PNP
will,VM0
help,VVI
you,PNP
to,TO0
observe,VVI
the,AT0
legal,AJ0
requirements,NN2
and,CJC
to,TO0
name,VVI
executors,NN2
to,TO0
carry,VVI
out,AVP
your,DPS
instructions,NN2
to,TO0
appoint,VVI
guardians,NN2
if,CJS
necessary,AJ0
and,CJC
to,TO0
cancel,VVI
any,DT0
previous,AJ0
wills,NN2
he,PNP
will,VM0
advise,VVI
you,PNP
on,PRP
the,AT0
inheritance,NN1
tax,NN1-VVB
your,DPS
estate,NN1
might,VM0
incur,VVI
and,CJC
ways,NN2
in,PRP
which,DTQ
this,DT0
may,VM0
be,VBI
reduced,VVN
he,PNP
will,VM0
be,VBI
able,AJ0
to,TO0
remind,VVI
you,PNP
of,PRF
beneficiaries,NN2
you,PNP
might,VM0
otherwise,AV0
forget,VVI
who,PNQ
will,VM0
deal,VVI
with,PRP
my,DPS
estate,NN1
when,CJS-AVQ
i,PNP
die,VVB
it,PNP
is,VBZ
most,AV0
important,AJ0
to,TO0
appoint,VVI
at,PRP
least,AV0
executor,NN1
when,CJS
you,PNP
make,VVB
your,DPS
will,NN1-NP0
it,PNP
is,VBZ
in,PRP
fact,NN1
advisable,AJ0
to,TO0
name,VVI
more,AV0
than,CJS
executor,NN1
in,PRP
case,NN1
one,CRD-PNI
of,PRF
them,PNP
dies,VVZ
before,PRP
you,PNP
choose,VVB
people,NN0
you,PNP
know,VVB
well,AV0-AJ0
and,CJC
trust,NN1-VVB
and,CJC
with,PRP
whom,PNQ
you,PNP
can,VM0
share,VVI
the,AT0
details,NN2
of,PRF
your,DPS
affairs,NN2
a,AT0
solicitor,NN1
or,CJC
accountant,NN1
can,VM0
act,VVI
as,PRP
an,AT0
executor,NN1
if,CJS
you,PNP
so,AV0
wish,VVB-NN1
it,PNP
does,VDZ
matter,VVI
if,CJS
your,DPS
executor,NN1
stands,VVZ
to,TO0
benefit,VVI
from,PRP
the,AT0
will,NP0-NN1
how,AVQ
can,VM0
i,PNP
reduce,VVI
the,AT0
amount,NN1
of,PRF
inheritance,NN1
tax,NN1-VVB
payable,AJ0
on,PRP
my,DPS
estate,NN1
at,PRP
present,NN1
the,AT0
first,ORD
of,PRF
any,DT0
estate,NN1
is,VBZ
free,AJ0
of,PRF
inheritance,NN1
tax,NN1
anything,PNI
over,PRP-AVP
this,DT0
amount,NN1
is,VBZ
basically,AV0
liable,AJ0
to,PRP
inheritance,NN1
tax,NN1
at,PRP
there,EX0
are,VBB
exemptions,NN2
for,PRP
gifts,NN2
to,PRP
spouses,NN2
and,CJC
to,PRP
charity,NN1
of,PRF
course,NN1
taking,VVG
account,NN1
of,PRF
the,AT0
value,NN1
of,PRF
a,AT0
house,NN1
and,CJC
its,DPS
contents,NN2
and,CJC
personal,AJ0
savings,NN2
and,CJC
investments,NN2
it,PNP
is,VBZ
not,XX0
surprising,AJ0
that,CJT
a,AT0
great,AJ0
many,DT0
people,NN0
have,VHB
estates,NN2
that,CJT
exceed,VVB
the,AT0
inheritance,NN1
tax,NN1
threshold,NN1
however,AV0
a,AT0
gift,NN1
to,PRP
acet,NP0
is,VBZ
completely,AV0
free,AJ0
of,PRF
inheritance,NN1
tax,NN1
due,AJ0
to,PRP
the,AT0
fact,NN1
that,CJT
acet,NP0
is,VBZ
a,AT0
charity,NN1
money,NN1
that,CJT-DT0
is,VBZ
otherwise,AV0
destined,VVN
for,PRP
the,AT0
inland,AJ0
revenue,NN1
can,VM0
instead,AV0
go,VVI
to,PRP
acet,NP0
and,CJC
of,PRF
tax,NN1
can,VM0
be,VBI
saved,VVN
for,PRP
every,AT0
that,CJT-DT0
you,PNP
give,VVB
figures,VVZ-NN2
correct,AJ0
as,CJS
at,PRP
an,AT0
example,NN1
say,VVI
that,CJT
your,DPS
estate,NN1
is,VBZ
worth,PRP
net,AJ0
of,PRF
liabilities,NN2
as,CJS
this,DT0
is,VBZ
over,PRP-AVP
the,AT0
inheritance,NN1
tax,NN1
threshold,NN1
it,PNP
would,VM0
bring,VVI
a,AT0
tax,NN1
bill,NN1
of,PRF
by,PRP
leaving,VVG
to,PRP
acet,NP0
however,AV0
the,AT0
taxable,AJ0
value,NN1
of,PRF
your,DPS
estate,NN1
is,VBZ
reduced,VVN
to,PRP
and,CJC
this,DT0
would,VM0
give,VVI
a,AT0
tax,NN1
saving,NN1
of,PRF
what,DTQ
form,NN1
of,PRF
words,NN2
should,VM0
i,PNP
use,VVI
for,PRP
a,AT0
legacy,NN1
to,PRP
acet,NP0
it,PNP
might,VM0
be,VBI
helpful,AJ0
to,TO0
take,VVI
to,PRP
your,DPS
solicitor,NN1
a,AT0
form,NN1
of,PRF
words,NN2
to,TO0
cover,VVI
your,DPS
gift,NN1
to,PRP
acet,NP0
and,CJC
we,PNP
suggest,VVB
the,AT0
following,AJ0
to,PRP
acet,NP0
of,PRF
paramount,NP0
house,NN1
uxbridge,NP0
road,NP0
ealing,NP0
london,NP0
w5,UNC
for,PRP
its,DPS
general,AJ0-NN1
purposes,NN2
of,PRF
these,DT0
alternatives,NN2
the,AT0
sum,NN1
of,PRF
all,DT0
the,AT0
residue,NN1
of,PRF
my,DPS
estate,NN1
share,NN1
of,PRF
the,AT0
residue,NN1
of,PRF
my,DPS
estate,NN1
and,CJC
i,PNP
declare,VVB
that,CJT
the,AT0
receipt,NN1
of,PRF
the,AT0
treasurer,NN1
or,CJC
other,AJ0
proper,AJ0
officer,NN1
of,PRF
acet,NP0
shall,VM0
be,VBI
a,AT0
sufficient,AJ0
discharge,NN1
to,PRP
my,DPS
executors,NN2
london,NP0
home,NN1
care,NN1-VVB
aids,NN1
care,NN1-VVB
education,NN1
training,NN1
what,DTQ
is,VBZ
acet,NP0
home,NN1
care,NN1-VVB
in,PRP
london,NP0
we,PNP
have,VHB
a,AT0
team,NN1
of,PRF
specialist,AJ0-NN1
nurses,NN2
backed,VVD-VVN
up,AVP
by,PRP
doctors,NN2
whether,CJS
you,PNP
need,VVB
medical,AJ0
or,CJC
nursing,AJ0
advice,NN1
or,CJC
practical,AJ0
support,NN1
in,PRP
the,AT0
home,NN1
we,PNP
can,VM0
help,VVI
nursing,NN1-VVG
our,DPS
nurses,NN2
have,VHB
been,VBN
extensively,AV0
trained,VVN
in,PRP
symptom,NN1
control,NN1-VVB
home,NN1
care,NN1-VVB
and,CJC
related,AJ0
issues,NN2
if,CJS
you,PNP
refer,VVB
for,PRP
our,DPS
service,NN1
you,PNP
will,VM0
be,VBI
visited,VVN
by,PRP
of,PRF
the,AT0
team,NN1
who,PNQ
will,VM0
discuss,VVI
your,DPS
needs,NN2
with,PRP
you,PNP
this,DT0
means,VVZ
that,CJT
you,PNP
can,VM0
decide,VVI
on,PRP-AVP
your,DPS
own,DT0
care,NN1
support,NN1-VVB
practical,AJ0
support,NN1
acet,NP0
volunteers,NN2
are,VBB
available,AJ0
to,TO0
help,VVI
whenever,AVQ
you,PNP
need,VVB
them,PNP
as,CJS
long,AJ0
as,CJS
you,PNP
make,VVB
arrangements,NN2
with,PRP
our,DPS
volunteer,NN1
coordinator,NN1
and,CJC
give,VVB
us,PNP
as,AV0
much,DT0
notice,NN1
as,CJS
possible,AJ0
acet,NP0
volunteers,NN2
carry,VVB
out,AVP
the,AT0
following,AJ0
tasks,NN2
as,CJS
well,AV0
as,CJS
many,DT0
others,NN2
housework,NN1
transport,NN1-VVB
collecting,VVG
prescriptions,NN2
shopping,NN1-VVG
nightsitting,NP0
in,PRP
an,AT0
emergency,NN1
you,PNP
can,VM0
reach,VVI
an,AT0
acet,NP0
doctor,NN1
or,CJC
nurse,NN1-VVB
through,PRP
our,DPS
hour,NN1
on,PRP
call,NN1
facility,NN1
this,DT0
means,VVZ
you,PNP
can,VM0
get,VVI
professional,AJ0
help,NN1-VVB
any,DT0
time,NN1
of,PRF
the,AT0
day,NN1
or,CJC
night,NN1
and,CJC
at,PRP
weekends,NN2
we,PNP
also,AV0
have,VHB
a,AT0
limited,AJ0
number,NN1
of,PRF
telephones,NN2
for,PRP
installation,NN1
in,PRP
individual,AJ0
homes,NN2
these,DT0
enable,VVB
you,PNP
to,TO0
call,VVI
for,PRP
help,NN1
from,PRP
anywhere,AV0
in,PRP
your,DPS
house,NN1
or,CJC
flat,NN1-AJ0
this,DT0
can,VM0
bring,VVI
security,NN1
and,CJC
peace,NN1
of,PRF
mind,NN1
to,PRP
those,DT0
who,PNQ
are,VBB
ill,AJ0
but,CJC
living,VVG-AJ0
on,PRP-AVP
their,DPS
own,DT0
medical,AJ0
equipment,NN1
acet,NP0
can,VM0
loan,NN1
specialised,VVD-VVN
medical,AJ0
equipment,NN1
after,PRP
consultation,NN1
with,PRP
your,DPS
doctor,NN1
for,PRP
information,NN1
about,PRP
our,DPS
home,NN1
care,NN1-VVB
service,NN1
call,NN1-VVB
janet,NP0
sutton,NP0
on,PRP
janet,NP0
sutton,NP0
does,VDZ
acet,NP0
service,NN1
cost,VVB
me,PNP
anything,PNI
we,PNP
are,VBB
given,VVN
some,DT0
financial,AJ0
support,NN1
from,PRP
the,AT0
government,NN1
but,CJC
this,DT0
doe,NN1
snot,NN1-VVB
cover,VVB-NN1
all,DT0
our,DPS
costs,NN2
and,CJC
we,PNP
therefore,AV0
depend,VVB
on,PRP
gifts,NN2
from,PRP
trusts,NN2
companies,NN2
and,CJC
individuals,NN2
if,CJS
you,PNP
would,VM0
like,VVI
to,TO0
help,VVI
us,PNP
financially,AV0
why,AVQ
not,XX0
ask,VVI
of,PRF
our,DPS
home,NN1
care,NN1-VVB
team,NN1
for,PRP
details,NN2
meeting,VVG
your,DPS
needs,NN2
acet,NP0
recognises,VVZ
that,CJT
people,NN0
can,VM0
have,VHI
needs,NN2
in,PRP
many,DT0
areas,NN2
we,PNP
are,VBB
committed,VVN
to,PRP
the,AT0
practical,AJ0
care,NN1
of,PRF
all,DT0
those,DT0
who,PNQ
are,VBB
ill,AJ0
with,PRP
regardless,AV0
of,PRF
race,NN1
religion,NN1
lifestyle,NN1
sex,NN1
sexuality,NN1
or,CJC
any,DT0
other,AJ0
factor,NN1
our,DPS
trained,AJ0
workers,NN2
find,VVB
that,CJT
some,DT0
of,PRF
those,DT0
we,PNP
care,VVB
for,PRP
want,VVB
to,TO0
talk,VVI
through,PRP-AVP
emotional,AJ0
and,CJC
spiritual,AJ0
issues,NN2
acet,NP0
is,VBZ
a,AT0
organisation,NN1
whose,DTQ
primary,AJ0-NN1
concern,NN1
is,VBZ
practical,AJ0
care,NN1
rather,AV0
than,CJS
counselling,NN1
and,CJC
so,AV0
these,DT0
areas,NN2
are,VBB
only,AV0
covered,VVN
if,CJS
they,PNP
are,VBB
raised,VVN
by,PRP
our,DPS
clients,NN2
how,AVQ
can,VM0
i,PNP
benefit,VVI
from,PRP
acet,NP0
services,NN2
to,TO0
be,VBI
eligible,AJ0
for,PRP
acet,NP0
home,AV0
care,VVB
you,PNP
must,VM0
be,VBI
hiv,NP0
positive,AJ0
and,CJC
require,VVB
assistance,NN1
because,CJS
of,PRF
this,DT0
once,CJS
you,PNP
have,VHB
decided,VVN
you,PNP
would,VM0
like,VVI
practical,AJ0
help,NN1
from,PRP
acet,NP0
just,AV0
ring,VVB-NN1
and,CJC
ask,VVB
for,PRP
home,NN1
care,NN1-VVB
if,CJS
appropriate,AJ0
of,PRF
our,DPS
specialist,NN1
nurses,NN2
will,VM0
then,AV0
arrange,VVI
to,TO0
come,VVI
and,CJC
see,VVI
you,PNP
to,TO0
discuss,VVI
your,DPS
practical,AJ0
needs,NN2
and,CJC
see,VVB
how,AVQ
acet,NP0
can,VM0
help,VVI
can,VM0
i,PNP
refer,VVI
to,PRP
acet,NP0
even,AV0
if,CJS
i,PNP
am,VBB
using,VVG
other,AJ0
services,NN2
yes,ITJ
acet,NP0
works,VVZ
with,PRP
partners,NN2
family,NN1
friends,NN2
and,CJC
other,AJ0
voluntary,AJ0
and,CJC
statutory,AJ0
organisations,NN2
to,TO0
ensure,VVI
that,CJT
people,NN0
get,VVB
all,DT0
the,AT0
care,NN1
they,PNP
need,VVB
in,PRP-AVP
the,AT0
way,NN1
that,CJT
they,PNP
need,VVB
it,PNP
we,PNP
work,VVB
closely,AV0
with,PRP
gp,NN1
and,CJC
clinics,NN2
to,TO0
ensure,VVI
and,CJC
efficiency,NN1
for,PRP
every,AT0
situation,NN1
is,VBZ
acet,NP0
service,NN1
confidential,AJ0
our,DPS
service,NN1
is,VBZ
completely,AV0
confidential,AJ0
and,CJC
only,AV0
with,PRP
your,DPS
permission,NN1
do,VDB
we,PNP
liaise,VVI
with,PRP
others,NN2
involved,VVN
in,PRP
your,DPS
case,NN1
what,DTQ
do,VDB
others,NN2
say,VVI
of,PRF
the,AT0
nurses,NN2
has,VHZ
been,VBN
coming,VVG
in,AVP
to,TO0
give,VVI
me,PNP
injections,NN2
every,AT0
day,NN1
they,PNP
liaised,VVN
with,PRP
other,AJ0
organisations,NN2
to,TO0
make,VVI
sure,AJ0
i,PNP
got,VVN
somebody,PNI
coming,VVG
in,AVP
even,AV0
if,CJS
it,PNP
only,AV0
to,TO0
make,VVI
me,PNP
something,PNI
to,TO0
eat,VVI
i,PNP
do,VDB
know,VVI
what,DTQ
i,PNP
do,VDI
with,PRP
them,PNP
tony,NP0
c,NP0
london,NP0
w4,UNC
what,DTQ
do,VDB
i,PNP
do,VDI
now,AV0
telephone,VVB-NN1
janet,NP0
sutton,NP0
during,PRP
office,NN1
hours,NN2
if,CJS
you,PNP
would,VM0
like,VVI
to,TO0
know,VVI
more,AV0
about,PRP
us,PNP
and,CJC
how,AVQ
we,PNP
might,VM0
be,VBI
able,AJ0
to,TO0
help,VVI
you,PNP
the,AT0
numbers,NN2
is,VBZ
wandsworth,NP0
office,NN1
acet,NP0
home,NN1
care,NN1-VVB
team,NN1
what,DTQ
is,VBZ
acet,NP0
we,PNP
are,VBB
a,AT0
national,AJ0
charity,NN1
founded,VVN-VVD
in,PRP
dedicated,VVN-VVD
to,PRP
providing,VVG
care,NN1-VVB
at,PRP
home,NN1
for,PRP
men,NN2
women,NN2
and,CJC
children,NN2
with,PRP
related,AJ0
illnesses,NN2
this,DT0
leaflet,NN1
explains,VVZ
how,AVQ
acet,NP0
home,NN1
care,NN1-VVB
in,PRP
london,NP0
would,VM0
help,VVI
you,PNP
or,CJC
someone,PNI
you,PNP
know,VVB
a,AT0
christian,AJ0
response,NN1
to,PRP
aids,NN1
aids,NN1
care,NN1-VVB
education,NN1
and,CJC
training,NN1
why,AVQ
do,VDB
we,PNP
need,VVI
a,AT0
christian,AJ0
response,NN1
to,PRP
aids,NN1
aids,NN1
is,VBZ
the,AT0
biggest,AJS
health,NN1
challenge,VVB-NN1
we,PNP
have,VHB
had,VHN
to,TO0
face,VVI
this,DT0
century,NN1
already,AV0
more,DT0
children,NN2
may,VM0
be,VBI
dying,VVG-AJ0
with,PRP
aids,NN1
than,CJS
from,PRP
famine,NN1
and,CJC
are,VBB
carrying,VVG
the,AT0
virus,NN1
hiv,NP0
in,PRP
of,PRF
all,DT0
adults,NN2
worldwide,AV0
aids,NN1
touches,VVZ
areas,NN2
of,PRF
sickness,NN1
death,NN1
and,CJC
personal,AJ0
behaviour,NN1
it,PNP
brings,VVZ
out,AVP
prejudice,NN1
and,CJC
fear,NN1-VVB
and,CJC
people,NN0
with,PRP
the,AT0
disease,NN1
are,VBB
often,AV0
isolated,VVN-AJ0
and,CJC
rejected,VVD
meanwhile,AV0
health,NN1
campaigns,NN2
have,VHB
largely,AV0
failed,VVN
so,AV0
far,AV0
to,TO0
change,VVI
behaviour,NN1
the,AT0
church,NN1
should,VM0
be,VBI
able,AJ0
to,TO0
respond,VVI
to,PRP
these,DT0
urgent,AJ0
needs,NN2
more,AV0
effectively,AV0
than,CJS
any,DT0
other,AJ0
group,NN1
and,CJC
provide,VVB
clear,AJ0
leadership,NN1
the,AT0
church,NN1
can,VM0
give,VVI
care,NN1
and,CJC
compassion,NN1
to,PRP
those,DT0
affected,VVN
by,PRP
aids,NN1
and,CJC
help,VVB-NN1
prevent,VVI
infection,NN1
volunteers,NN2
provide,VVB
transport,NN1
daysit,NP0-NN1
nightsit,NP0-NN1
housework,NN1
cook,NP0-NN1
collect,VVB
prescriptions,NN2
befriend,VVB
acet,NP0
home,NN1
care,NN1-VVB
acet,NP0
is,VBZ
a,AT0
christian,AJ0
response,NN1
to,PRP
aids,NN1
we,PNP
are,VBB
the,AT0
largest,AJS
independent,AJ0
provider,NN1
of,PRF
practical,AJ0
home,NN1
care,NN1-VVB
to,PRP
people,NN0
with,PRP
in,PRP
the,AT0
from,PRP
regional,AJ0
offices,NN2
we,PNP
have,VHB
provided,VVN
practical,AJ0
care,NN1
to,PRP
over,AV0
people,NN0
in,PRP
the,AT0
lat,NN1
years,NN2
and,CJC
in,PRP
the,AT0
last,ORD
months,NN2
we,PNP
cared,VVD
for,PRP
at,PRP
least,AV0
in,PRP
of,PRF
those,DT0
who,PNQ
died,VVD
of,PRF
aids,NN1
in,PRP
the,AT0
our,DPS
home,NN1
care,NN1-VVB
teams,NN2
are,VBB
made,VVN
up,AVP
of,PRF
doctors,NN2
and,CJC
nurses,NN2
backed,VVN
by,PRP
a,AT0
network,NN1
of,PRF
trained,AJ0
and,CJC
active,AJ0
volunteers,NN2
our,DPS
staff,NN0
and,CJC
volunteers,NN2
are,VBB
drawn,VVN
from,PRP
churches,NN2
of,PRF
all,DT0
denominations,NN2
without,PRP
their,DPS
commitment,NN1
we,PNP
would,VM0
not,XX0
be,VBI
able,AJ0
to,TO0
provide,VVI
such,DT0
an,AT0
extensive,AJ0
service,NN1
regional,AJ0
offices,NN2
london,NP0
edinburgh,NP0
glasgow,NP0
dundee,NP0
portsmouth,NP0
northampton,NP0
belfast,NP0
kampala,NP0
uganda,NP0
constanta,NP0
romania,NP0
schools,NN2
education,NN1
sexual,AJ0
activity,NN1
among,PRP
teenagers,NN2
is,VBZ
increasing,VVG-AJ0
fast,AV0-AJ0
even,AV0
in,PRP
our,DPS
churches,NN2
a,AT0
recent,AJ0
survey,NN1
of,PRF
church,NN1
youth,NN1
groups,NN2
shows,VVZ
that,CJT
in,PRP
have,VHB
had,VHN
sex,NN1
by,PRP
the,AT0
time,NN1
they,PNP
are,VBB
years,NN2
old,AJ0
in,PRP
under,PRP
the,AT0
age,NN1
of,PRF
outside,PRP
the,AT0
church,NN1
the,AT0
statistics,NN0
are,VBB
higher,AJC
still,AV0
prevention,NN1
of,PRF
infection,NN1
is,VBZ
a,AT0
major,AJ0
part,NN1
of,PRF
our,DPS
response,NN1
to,PRP
and,CJC
we,PNP
are,VBB
the,AT0
largest,AJS
independent,AJ0
provider,NN1
of,PRF
schools,NN2
classes,NN2
on,PRP
aids,NN1
our,DPS
aim,NN1
is,VBZ
to,TO0
reduce,VVI
the,AT0
number,NN1
of,PRF
new,AJ0
hiv,NP0
infections,NN2
by,PRP
giving,VVG
young,AJ0
people,NN0
the,AT0
facts,NN2
about,PRP
aids,NN1
and,CJC
by,PRP
encouraging,VVG
them,PNP
to,TO0
think,VVI
about,PRP
their,DPS
future,NN1
so,AV0
far,AV0
we,PNP
have,VHB
visited,VVN
over,AV0
schools,NN2
and,CJC
talked,VVN-VVD
to,PRP
more,AV0
than,CJS
pupils,NN2
overseas,AV0
by,PRP
the,AT0
turn,NN1
of,PRF
the,AT0
century,NN1
out,AVP
of,PRF
with,PRP
hiv,NP0
will,VM0
be,VBI
in,PRP
developing,AJ0-VVG
countries,NN2
some,DT0
people,NN0
many,DT0
churches,NN2
overseas,AV0
are,VBB
struggling,VVG-AJ0
to,TO0
meet,VVI
the,AT0
aids,NN1
challenge,NN1-VVB
in,PRP
some,DT0
countries,NN2
third,ORD
of,PRF
all,DT0
adults,NN2
in,PRP
towns,NN2
and,CJC
cities,NN2
are,VBB
already,AV0
infected,VVN-VVD
the,AT0
effect,NN1
in,PRP
the,AT0
future,NN1
will,VM0
be,VBI
devastating,AJ0
acet,NP0
work,NN1
with,PRP
the,AT0
churches,NN2
in,PRP
africa,NP0
and,CJC
romania,NP0
has,VHZ
been,VBN
recognised,VVN
and,CJC
supported,VVN
by,PRP
unicef,NP0
the,AT0
world,NN1
health,NN1
organisation,NN1
and,CJC
by,PRP
tear,NN1
fund,NN1
we,PNP
run,VVB
training,NN1
programmes,NN2
in,PRP
romania,NP0
and,CJC
support,VVB-NN1
care,NN1-VVB
and,CJC
prevention,NN1
programmes,NN2
in,PRP
uganda,NP0
and,CJC
tanzania,NP0
what,DTQ
can,VM0
your,DPS
church,NN1
do,VDI
your,DPS
church,NN1
can,VM0
become,VVI
a,AT0
partner,NN1
with,PRP
acet,NP0
if,CJS
we,PNP
are,VBB
to,TO0
continue,VVI
to,TO0
meet,VVI
the,AT0
rapidly,AV0
growing,AJ0-VVG
needs,NN2
of,PRF
those,DT0
who,PNQ
look,VVB
to,PRP
us,PNP
for,PRP
care,NN1
and,CJC
prevention,NN1
we,PNP
urgently,AV0
need,VVB
you,PNP
to,TO0
share,VVI
the,AT0
challenge,NN1
with,PRP
us,PNP
this,DT0
is,VBZ
why,AVQ
we,PNP
are,VBB
asking,VVG
your,DPS
church,NN1
to,TO0
link,VVI
with,PRP
acet,NP0
in,PRP
a,AT0
christian,AJ0
response,NN1
to,PRP
aids,NN1
both,AV0
at,PRP
home,NN1
and,CJC
overseas,AV0
churches,NN2
working,VVG
together,AV0
acet,NP0
can,VM0
help,VVI
your,DPS
church,NN1
with,PRP
speakers,NN2
for,PRP
services,NN2
seminars,NN2
or,CJC
workshops,NN2
training,NN1
church,NN1
members,NN2
as,PRP
community,NN1
volunteers,NN2
information,NN1
newsletters,NN2
and,CJC
advice,NN1
acet,NP0
can,VM0
help,VVI
your,DPS
church,NN1
with,PRP
making,VVG
members,NN2
aware,AJ0
of,PRF
our,DPS
work,NN1
appointing,VVG
a,AT0
member,NN1
of,PRF
your,DPS
church,NN1
as,PRP
an,AT0
representative,NN1
encouraging,AJ0
volunteer,NN1
involvement,NN1
supporting,VVG
us,PNP
financially,AV0
praying,VVG
regularly,AV0
acet,NP0
aims,VVZ-NN2
to,TO0
provide,VVI
practical,AJ0
care,NN1
and,CJC
support,VVB-NN1
to,PRP
men,NN2
women,NN2
and,CJC
children,NN2
with,PRP
aids,NN1
irrespective,AJ0
of,PRF
race,NN1
religion,NN1
lifestyle,NN1
sexual,AJ0
orientation,NN1
or,CJC
any,DT0
other,AJ0
factor,NN1
to,TO0
reduce,VVI
the,AT0
number,NN1
of,PRF
new,AJ0
hiv,NP0
infections,NN2
by,PRP
giving,VVG
young,AJ0
people,NN0
the,AT0
facts,NN2
about,PRP
aids,NN1
to,TO0
help,VVI
provide,VVI
a,AT0
local,AJ0
response,NN1
to,PRP
a,AT0
global,AJ0
problem,NN1
to,TO0
equip,VVI
the,AT0
church,NN1
to,TO0
make,VVI
an,AT0
effective,AJ0
christian,AJ0
response,NN1
to,PRP
aids,NN1
respecting,PRP
the,AT0
historic,AJ0
teachings,NN2
of,PRF
the,AT0
church,NN1
and,CJC
providing,VVG
unconditional,AJ0
care,NN1
patrons,NN2
the,AT0
most,AV0
reverend,AJ0
and,CJC
right,AV0-AJ0
honourable,AJ0
the,AT0
lord,NP0
archbishop,NP0
of,PRF
canterbury,NP0
dr,NP0
george,NP0
carey,NP0
bd,NP0
mth,NP0
phd,NP0
cliff,NP0
richard,NP0
obe,NN1
general,NP0
eva,NP0
burrows,NP0
oa,NP0
head,NN1
of,PRF
salvation,NN1
army,NN1
on,PRP
behalf,NN1
of,PRF
a,AT0
client,NN1
on,PRP
behalf,NN1
of,PRF
the,AT0
family,NN1
of,PRF
my,DPS
late,AJ0
brother,NN1
robert,NP0
i,PNP
wish,VVB
to,TO0
thank,VVI
you,PNP
for,PRP
the,AT0
compassion,NN1
and,CJC
care,NN1-VVB
shown,VVN
to,PRP
him,PNP
by,PRP
your,DPS
organization,NN1
during,PRP
his,DPS
long,AJ0
and,CJC
difficult,AJ0
illness,NN1
please,AV0
convey,VVB
our,DPS
gratitude,NN1
to,PRP
the,AT0
volunteers,NN2
concerned,AJ0-VVD
robert,NP0
found,VVD
peace,NN1
and,CJC
assurance,NN1
before,PRP-CJS
his,DPS
death,NN1
and,CJC
i,PNP
believe,VVB
such,DT0
was,VBD
achieved,VVN
partly,AV0
by,PRP
the,AT0
demonstration,NN1
of,PRF
the,AT0
love,NN1
of,PRF
jesus,NP0
shown,VVN
by,PRP
you,PNP
on,PRP
behalf,NN1
of,PRF
a,AT0
client,NN1
thank,VVB
you,PNP
for,PRP
all,DT0
the,AT0
help,NN1-VVB
you,PNP
gave,VVD
to,PRP
us,PNP
and,CJC
to,PRP
bob,NP0
during,PRP
the,AT0
last,ORD
few,DT0
days,NN2
of,PRF
his,DPS
illness,NN1
i,PNP
only,AV0
wish,VVB
we,PNP
been,VBN
put,VVN
in,PRP
touch,NN1
with,PRP
acet,NP0
sooner,AV0
i,PNP
was,VBD
particularly,AV0
impressed,AJ0
by,PRP
the,AT0
way,NN1
you,PNP
managed,VVD
to,TO0
organise,VVI
all,DT0
the,AT0
available,AJ0
services,NN2
so,AV0
efficiently,AV0
just,AV0
at,PRP
the,AT0
time,NN1
when,AVQ
we,PNP
were,VBD
beginning,VVG
to,TO0
wonder,VVI
how,AVQ
we,PNP
manage,VVI
dr,NP0
s,NP0
j,NP0
bowcock,NP0
former,DT0
senior,AJ0
registrar,NN1
in,PRP
haematology,NN1
hammersmith,NP0
hospital,NN1
i,PNP
would,VM0
like,VVI
to,TO0
thank,VVI
you,PNP
and,CJC
your,DPS
team,NN1
for,PRP
all,DT0
the,AT0
effort,NN1
and,CJC
resources,NN2
you,PNP
have,VHB
put,VVN
into,PRP
providing,VVG
a,AT0
home,NN1
care,NN1-VVB
service,NN1
for,PRP
our,DPS
patients,NN2
your,DPS
team,NN1
has,VHZ
been,VBN
invaluable,AJ0
in,PRP
providing,VVG
psychological,AJ0
as,CJS
well,AV0
as,CJS
practical,AJ0
support,NN1
for,PRP
these,DT0
patients,NN2
which,DTQ
have,VHB
been,VBN
grossly,AV0
lacking,VVG
through,PRP
the,AT0
conventional,AJ0
channels,NN2
i,PNP
hope,VVB
that,CJT
you,PNP
might,VM0
be,VBI
able,AJ0
to,TO0
continue,VVI
to,TO0
help,VVI
our,DPS
patients,NN2
in,PRP
this,DT0
manner,NN1
villiers,NP0
high,AJ0
school,NN1
i,PNP
would,VM0
like,VVI
once,AV0
again,AV0
to,TO0
thank,VVI
you,PNP
for,PRP
the,AT0
major,AJ0
contribution,NN1
you,PNP
made,VVN
to,PRP
our,DPS
aids,NN1
education,NN1
programme,NN1
this,DT0
year,NN1
i,PNP
feel,VVB
that,CJT
this,DT0
is,VBZ
reflected,VVN
not,XX0
just,AV0
in,PRP
the,AT0
increased,AJ0
knowledge,NN1
of,PRF
the,AT0
students,NN2
but,CJC
also,AV0
in,PRP
a,AT0
change,NN1
of,PRF
attitude,NN1
and,CJC
a,AT0
few,DT0
greater,AJC
degrees,NN2
of,PRF
empathy,NN1
roger,NP0
stephenson,NP0
fairlight,NP0
christian,AJ0
centre,NN1
if,CJS
there,EX0
is,VBZ
to,TO0
be,VBI
an,AT0
effective,AJ0
christian,AJ0
response,NN1
to,PRP
aids,NN1
we,PNP
need,VVB
to,TO0
support,VVI
organisations,NN2
like,PRP
acet,NP0
who,PNQ
are,VBB
in,PRP
the,AT0
front,AJ0-NN1
line,NN1
giving,VVG
practical,AJ0
care,NN1
and,CJC
support,NN1-VVB
peter,NP0
ronayne,NP0
st,NP0
lukes,NP0
west,NP0
norwood,NP0
church,NN1
of,PRF
england,NP0
acet,NP0
is,VBZ
working,VVG
in,PRP
this,DT0
field,NN1
because,CJS
like,PRP
jesus,NP0
they,PNP
are,VBB
getting,VVG
alongside,PRP
those,DT0
in,PRP
need,NN1
and,CJC
helping,VVG
the,AT0
rest,NN1
of,PRF
us,PNP
to,TO0
understand,VVI
and,CJC
minister,VVI
to,PRP
those,DT0
both,AV0
infected,VVN-AJ0
and,CJC
affected,VVN
david,NP0
wise,NP0
greenford,NP0
baptist,AJ0-NN1
church,NN1
members,NN2
of,PRF
my,DPS
church,NN1
have,VHB
been,VBN
working,VVG
with,PRP
acet,NP0
since,CJS
it,PNP
started,VVD
years,NN2
ago,AV0
i,PNP
have,VHB
seen,VVN
for,PRP
myself,PNX
the,AT0
value,NN1
of,PRF
acet,NP0
work,NN1
in,PRP
the,AT0
community,NN1
and,CJC
i,PNP
would,VM0
whole,NN1-AJ0
heartedly,AV0
recommend,VVB
other,AJ0
churches,NN2
get,VVB
behind,PRP
the,AT0
work,NN1
in,PRP
any,DT0
way,NN1
they,PNP
can,VM0
if,CJS
you,PNP
would,VM0
like,VVI
to,TO0
know,VVI
more,AV0
about,PRP
us,PNP
and,CJC
about,PRP
our,DPS
work,NN1
please,AV0
telephone,VVB-NN1
or,CJC
write,VVB
to,PRP
peter,NP0
glover,NP0
or,CJC
peter,NP0
fabian,NP0
acet,NP0
po,NN1
box,NN1
london,NP0
w5,UNC
5tf,UNC
tel,NN1
