camra,NP0
fact,NN1
sheet,NN1
no,NN1
how,AVQ
beer,NN1
is,VBZ
brewed,VVN
beer,NN1
seems,VVZ
such,DT0
a,AT0
simple,AJ0
drink,NN1-VVB
that,CJT
we,PNP
tend,VVB
to,TO0
take,VVI
it,PNP
for,PRP
granted,VVN
serious,AJ0
conversation,NN1
about,PRP
alcohol,NN1
is,VBZ
reserved,VVN-AJ0
for,PRP
wine,NN1
and,CJC
spirits,NN2
yet,AV0
beer,NN1
good,AJ0
beer,NN1
is,VBZ
a,AT0
highly,AV0
complex,AJ0
product,NN1
and,CJC
one,PNI
that,CJT
arguably,AV0
needs,VVZ
greater,AJC
skill,NN1
to,TO0
produce,VVI
than,CJS
wine,NN1
wine,NN1
at,PRP
its,DPS
simplest,AJS
means,VVZ
crushing,AJ0-VVG
grapes,NN2
and,CJC
letting,VVG
the,AT0
wild,AJ0
yeasts,NN2
on,PRP
the,AT0
the,AT0
skins,NN2
ferment,VVB
the,AT0
sweet,AJ0
juices,NN2
into,PRP
alcohol,NN1
if,CJS
you,PNP
crush,VVB
an,AT0
ear,NN1
of,PRF
barley,NN1
however,AV0
you,PNP
will,VM0
not,XX0
get,VVI
beer,NN1
the,AT0
basic,AJ0
ingredient,NN1
of,PRF
beer,NN1
needs,VVZ
careful,AJ0
nurturing,AJ0-NN1
and,CJC
transforming,VVG
into,PRP
malt,NN1
before,CJS
it,PNP
is,VBZ
ready,AJ0
to,TO0
begin,VVI
the,AT0
slow,AJ0
ruminative,AJ0
journey,NN1
that,CJT
ends,VVZ
with,PRP
the,AT0
pint,NN1
in,PRP
the,AT0
pub,NN1
when,CJS
barley,NN1
is,VBZ
harvested,VVN
it,PNP
is,VBZ
taken,VVN
to,PRP
a,AT0
maltings,NN2
where,AVQ-CJS
the,AT0
grains,NN2
are,VBB
soaked,VVN-AJ0
in,PRP
water,NN1
to,TO0
encourage,VVI
germination,NN1
as,CJS
the,AT0
roots,NN2
begin,VVB
to,TO0
break,VVI
out,AVP
of,PRF
the,AT0
grains,NN2
the,AT0
barley,NN1
is,VBZ
transferred,VVN
to,PRP
a,AT0
vast,AJ0
hall,NN1
heated,VVN
with,PRP
warm,AJ0
air,NN1
and,CJC
turned,VVD-VVN
by,PRP
large,AJ0
malt,NN1
shovels,NN2
when,CJS
the,AT0
maltster,NN1
is,VBZ
satisfied,AJ0
that,DT0-CJT
germination,NN1
has,VHZ
unlocked,VVN
the,AT0
rich,AJ0
natural,AJ0
sugars,NN2
in,PRP
the,AT0
barley,NN1
the,AT0
grains,NN2
are,VBB
taken,VVN
to,PRP
a,AT0
kiln,NN1
room,NN1
where,CJS-AVQ
heat,NN1
stops,VVZ
germination,NN1
the,AT0
temperature,NN1
of,PRF
the,AT0
kilning,AJ0-NN1
process,NN1
determines,VVZ
the,AT0
type,NN1
of,PRF
malt,NN1
produced,VVD
the,AT0
higher,AJC
the,AT0
temperature,NN1
the,AT0
darker,AJC
the,AT0
malt,NN1
the,AT0
malt,NN1
is,VBZ
now,AV0
ready,AJ0
for,PRP
brewing,NN1
in,PRP
the,AT0
brewery,NN1
it,PNP
is,VBZ
milled,VVN
into,PRP
a,AT0
powder,NN1
called,VVN
grist,NN1
and,CJC
then,AV0
mixed,VVN-VVD
with,PRP
hot,AJ0
water,NN1
known,VVN
as,PRP
liquor,NN1
in,PRP
breweries,NN2
in,PRP
a,AT0
vessel,NN1
called,VVN
a,AT0
mash,NN1
tun,NN1-VVB
the,AT0
thick,AJ0
porridgy,AJ0
liquid,NN1
is,VBZ
left,VVN-AJ0
for,PRP
several,DT0
hours,NN2
while,CJS
the,AT0
natural,AJ0
sugars,NN2
in,PRP
the,AT0
malt,NN1
dissolve,VVB
into,PRP
the,AT0
liquor,NN1
when,CJS
the,AT0
mashing,NN1
has,VHZ
absorbed,VVN
the,AT0
maximum,AJ0-NN1
amount,NN1
of,PRF
sugar,NN1
the,AT0
liquid,NN1
now,AV0
known,VVN
as,PRP
wort,NN1
is,VBZ
run,VVN
off,AVP
through,PRP
the,AT0
slotted,VVN
base,NN1
of,PRF
the,AT0
vessel,NN1
the,AT0
remaining,AJ0
grains,NN2
are,VBB
sprinkled,VVN
with,PRP
more,AV0
hot,AJ0
liquor,NN1
to,TO0
remove,VVI
any,DT0
last,VVB-NN1
remaining,AJ0-VVG
sugars,NN2
a,AT0
system,NN1
known,VVN
as,PRP
sparging,VVG-AJ0
the,AT0
wort,NN1
is,VBZ
then,AV0
run,VVN
into,PRP
a,AT0
copper,NN1
where,AVQ
it,PNP
is,VBZ
boiled,VVN-AJ0
for,PRP
an,AT0
hour,NN1
or,CJC
more,AV0
with,PRP
hops,NN2
without,PRP
hops,NN2
beer,NN1
would,VM0
be,VBI
unpleasantly,AV0
sweet,AJ0
hops,NN2
brought,VVN-VVD
to,PRP
britain,NP0
in,PRP
the,AT0
15th,ORD
century,NN1
by,PRP
dutch,AJ0
brewers,NN2
not,XX0
only,AV0
add,VVB
bitterness,NN1
and,CJC
aroma,NN1
but,CJC
also,AV0
act,VVB
as,PRP
a,AT0
preservative,NN1-AJ0
and,CJC
prevent,VVB
infections,NN2
in,PRP
the,AT0
brew,NN1
after,PRP
boiling,VVG
the,AT0
hopped,VVN
wort,NN1
flows,VVZ-NN2
from,PRP
the,AT0
copper,NN1
into,PRP
a,AT0
vessel,NN1
called,VVN
a,AT0
hop,NN1
back,AVP
like,PRP
the,AT0
mash,NN1
tun,NN1-VVB
it,PNP
has,VHZ
a,AT0
slotted,VVN
base,NN1
and,CJC
the,AT0
liquid,AJ0-NN1
runs,NN2-VVZ
out,AVP
of,PRF
the,AT0
vessel,NN1
over,PRP-AVP
a,AT0
bed,NN1
of,PRF
spent,AJ0
hops,NN2
the,AT0
wort,NN1
is,VBZ
then,AV0
cooled,VVN-VVD
and,CJC
run,VVN
into,PRP
fermenting,VVG-AJ0
tanks,NN2
where,AVQ-CJS
yeast,NN1-VVB
is,VBZ
added,VVN-AJ0
or,CJC
pitched,VVN
yeast,NN1-VVB
is,VBZ
made,VVN
up,AVP
of,PRF
of,PRF
tiny,AJ0
fungus,NN1
cells,NN2
which,DTQ
literally,AV0
go,VVB
berserk,AJ0
when,CJS
confronted,VVN
by,PRP
a,AT0
liquid,AJ0
rich,AJ0
with,PRP
sugars,NN2
within,PRP
a,AT0
few,DT0
hours,NN2
a,AT0
scum,NN1
appears,VVZ
on,PRP
top,NN1
of,PRF
the,AT0
wort,NN1
and,CJC
this,DT0
rapidly,AV0
builds,VVZ
up,AVP
into,PRP
a,AT0
great,AJ0
crust,NN1
as,CJS
the,AT0
yeast,NN1
turns,VVZ
the,AT0
sugars,NN2
into,PRP
alcohol,NN1
and,CJC
carbon,NN1
dioxide,NN1
the,AT0
system,NN1
used,VVN-VVD
in,PRP
britain,NP0
to,TO0
produce,VVI
mild,AJ0
bitter,AJ0
stout,AJ0-NN1
and,CJC
strong,AJ0
ales,NN2
is,VBZ
called,VVN
warm,AJ0
fermentation,NN1
using,VVG
a,AT0
special,AJ0
type,NN1
of,PRF
top,AJ0-NN1
fermenting,AJ0-VVG
yeast,NN1
this,DT0
means,VVZ
that,CJT
the,AT0
yeast,NN1
encouraged,VVN
by,PRP
the,AT0
warmth,NN1
of,PRF
the,AT0
wort,NN1
and,CJC
the,AT0
temperature,NN1
of,PRF
the,AT0
brewery,NN1
works,VVZ
quickly,AV0
and,CJC
vigorously,AV0
on,PRP
top,NN1
of,PRF
the,AT0
wort,NN1
to,TO0
produce,VVI
alcohol,NN1
after,PRP
days,NN2
most,DT0
of,PRF
the,AT0
sugars,NN2
have,VHB
been,VBN
turned,VVN
into,PRP
alcohol,NN1
and,CJC
the,AT0
yeast,NN1
begins,VVZ
to,TO0
sink,VVI
to,PRP
the,AT0
bottom,NN1
of,PRF
the,AT0
vessel,NN1
the,AT0
excess,AJ0-NN1
yeast,NN1
is,VBZ
saved,VVN
for,PRP
future,AJ0
use,NN1
so,AV0
much,DT0
yeast,NN1-VVB
is,VBZ
produced,VVN
during,PRP
fermentation,NN1
that,CJT-DT0
large,AJ0
amounts,NN2
are,VBB
sold,VVN
to,PRP
companies,NN2
such,DT0
as,PRP
marmite,NP0
to,TO0
be,VBI
turned,VVN
into,PRP
yeast,NN1
extract,NN1-VVB
when,CJS
fermentation,NN1
has,VHZ
finished,VVN
the,AT0
green,AJ0
beer,NN1
is,VBZ
run,VVN
into,PRP
conditioning,AJ0-NN1
tanks,NN2
for,PRP
a,AT0
few,DT0
days,NN2
the,AT0
remaining,AJ0
yeast,NN1
continues,VVZ
to,TO0
turn,VVI
the,AT0
residual,AJ0
sugars,NN2
into,PRP
alcohol,NN1
and,CJC
also,AV0
helps,VVZ
to,TO0
purge,VVI
the,AT0
beer,NN1
of,PRF
the,AT0
rough,AJ0
created,VVN
by,PRP
fermentation,NN1
some,DT0
brewers,NN2
add,VVB
extra,AJ0
sugar,NN1
at,PRP
this,DT0
stage,NN1
to,TO0
encourage,VVI
the,AT0
continuing,AJ0
fermentation,NN1
caramel,NN1-VVB
is,VBZ
sometimes,AV0
added,VVN
to,TO0
give,VVI
darker,AJC
colouring,NN1
to,PRP
the,AT0
finished,AJ0
beer,NN1
finings,NN2
a,AT0
glutinous,AJ0
substance,NN1
made,VVN-VVD
from,PRP
the,AT0
bladder,NN1
of,PRF
the,AT0
sturgeon,NN1
is,VBZ
added,VVN
either,AV0
at,PRP
the,AT0
conditioning,AJ0-NN1
stage,NN1
or,CJC
when,CJS-AVQ
the,AT0
beer,NN1
is,VBZ
in,PRP
cask,NN1
to,PRP
fine,AJ0
or,CJC
clear,VVB
the,AT0
beer,NN1
the,AT0
finings,NN2
attract,VVB
yeast,NN1-VVB
and,CJC
other,AJ0
particles,NN2
and,CJC
begin,VVB
to,TO0
drag,VVI
them,PNP
to,PRP
the,AT0
bottom,NN1
of,PRF
the,AT0
tank,NN1
now,AV0
the,AT0
beer,NN1
is,VBZ
ready,AJ0
for,PRP
the,AT0
final,AJ0
stage,NN1
in,PRP
the,AT0
brewery,NN1
before,CJS
it,PNP
leaves,VVZ
for,PRP
the,AT0
pub,NN1
cellar,NN1
it,PNP
is,VBZ
run,VVN
or,CJC
racked,VVN
into,PRP
casks,NN2
made,VVD
either,AV0
of,PRF
wood,NN1
or,CJC
metal,NN1
sometimes,AV0
with,PRP
some,DT0
priming,NN1-VVG
sugar,NN1
and,CJC
a,AT0
handful,NN1
of,PRF
dry,AJ0
hops,NN2
the,AT0
sugar,NN1
will,VM0
encourage,VVI
a,AT0
vigorous,AJ0
secondary,AJ0-NN1
fermentation,NN1
in,PRP
the,AT0
cask,NN1
and,CJC
the,AT0
hops,NN2
will,VM0
add,VVI
a,AT0
delightful,AJ0
aroma,NN1
after,PRP
all,DT0
the,AT0
mashing,NN1-AJ0
and,CJC
boiling,AJ0-VVG
and,CJC
the,AT0
heaving,AJ0-NN1
and,CJC
frothing,NN1-VVG
of,PRF
fermentation,NN1
we,PNP
now,AV0
have,VHB
beer,NN1
ready,AJ0
for,PRP
its,DPS
journey,NN1
to,PRP
the,AT0
pub,NN1
cellar,NN1
the,AT0
description,NN1
of,PRF
the,AT0
brewing,NN1
process,NN1
varies,VVZ
from,PRP
brewery,NN1
to,PRP
brewery,NN1
in,PRP
some,DT0
mashing,NN1-AJ0
boiling,VVG-AJ0
and,CJC
fermenting,VVG-AJ0
taking,VVG-AJ0
place,NN1
in,PRP
open,AJ0
or,CJC
vessels,NN2
in,PRP
some,DT0
modern,AJ0
plants,NN2
the,AT0
process,NN1
takes,VVZ
place,NN1
in,PRP
enclosed,AJ0
conical,AJ0
fermenters,NN2
or,CJC
lauter,NN1
tuns,NN2-VVZ
but,CJC
as,CJS
long,AJ0
as,CJS
the,AT0
finished,AJ0
beer,NN1
is,VBZ
left,VVN-AJ0
to,TO0
brew,VVI
naturally,AV0
and,CJC
is,VBZ
free,AJ0
from,PRP
such,DT0
unnatural,AJ0
processes,NN2
as,CJS
chilling,AJ0
filtering,VVG-NN1
and,CJC
pasteurisation,NN1
the,AT0
end,NN1
result,NN1
is,VBZ
traditional,AJ0
draught,AJ0
beer,NN1
known,VVN
in,PRP
the,AT0
industry,NN1
as,CJS-PRP
cask,NN1
conditioned,AJ0-VVN
beer,NN1
and,CJC
more,AV0
popularly,AV0
as,CJS
real,AJ0
ale,NN1
hops,NN2
on,PRP
the,AT0
vine,NN1
the,AT0
oils,NN2
in,PRP
the,AT0
hop,NN1
give,VVB
bitterness,NN1
to,PRP
beer,NN1
and,CJC
also,AV0
act,VVB
as,PRP
a,AT0
preservative,NN1-AJ0
against,PRP
infection,NN1
a,AT0
classical,AJ0
victorian,AJ0
tower,NN1
brewery,NN1
where,CJS-AVQ
the,AT0
brewing,NN1
process,NN1-VVB
flows,VVZ-NN2
by,PRP
gravity,NN1
from,PRP
floor,NN1
to,PRP
floor,NN1
a,AT0
mash,NN1-VVB
tun,NN1-VVB
showing,VVG
the,AT0
sparging,AJ0-NN1
arms,NN2
at,PRP
the,AT0
top,NN1-AJ0
and,CJC
the,AT0
slotted,VVN
base,NN1
hops,NN2
being,VBG
fed,VVN
into,PRP
the,AT0
copper,NN1
where,AVQ
the,AT0
sweet,AJ0
wort,NN1
is,VBZ
boiled,VVN
vigorously,AV0
and,CJC
the,AT0
vital,AJ0
oils,NN2
are,VBB
extracted,VVN
from,PRP
the,AT0
hops,NN2
fermenting,VVG-AJ0
vessels,NN2
showing,VVG
the,AT0
head,NN1
of,PRF
yeast,NN1
developing,VVG
on,PRP
the,AT0
fermenting,AJ0
wort,NN1
the,AT0
racking,NN1
line,NN1
fresh,AJ0
beer,NN1
is,VBZ
run,VVN
from,PRP
conditioning,AJ0-NN1
tanks,NN2
into,PRP
casks,NN2
after,PRP
filling,VVG
the,AT0
casks,NN2
are,VBB
bunged,VVN
before,PRP
delivery,NN1
to,PRP
the,AT0
pubs,NN2
camra,NP0
fact,NN1
sheet,NN1
no2,UNC
unreal,AJ0
beer,NN1
there,EX0
is,VBZ
a,AT0
vital,AJ0
difference,NN1
between,PRP
real,AJ0
ale,NN1
and,CJC
keg,VVB-NN1
beer,NN1
keg,VVB-NN1
which,DTQ
includes,VVZ
lager,NN1
is,VBZ
known,VVN
in,PRP
the,AT0
industry,NN1
as,PRP
brewery,NN1
conditioned,AJ0-VVN
beer,NN1
instead,AV0
of,PRF
a,AT0
secondary,AJ0
fermentation,NN1
in,PRP
the,AT0
cask,NN1
to,TO0
add,VVI
a,AT0
full,AJ0
mature,AJ0
palate,NN1
keg,VVB-NN1
beers,NN2
are,VBB
killed,VVN
off,AVP
in,PRP
the,AT0
brewery,NN1
by,PRP
a,AT0
number,NN1
of,PRF
unnatural,AJ0
processes,NN2
that,CJT
affect,VVB
the,AT0
taste,NN1
and,CJC
quality,NN1
of,PRF
the,AT0
product,NN1
the,AT0
aim,NN1
is,VBZ
to,TO0
produce,VVI
beers,NN2
quickly,AV0
which,DTQ
because,CJS
they,PNP
are,VBB
sterile,AJ0
and,CJC
have,VHB
a,AT0
long,AJ0
shelf,NN1
life,NN1
are,VBB
also,AV0
highly,AV0
profitable,AJ0
where,CJS
keg,NN1-VVB
milds,NN2
and,CJC
bitters,NN2
are,VBB
concerned,AJ0
when,CJS-AVQ
fermentation,NN1
is,VBZ
complete,AJ0
they,PNP
are,VBB
conditioned,VVN
for,PRP
a,AT0
short,AJ0
period,NN1
in,PRP
tanks,NN2
under,PRP
a,AT0
heavy,AJ0
blanket,NN1
of,PRF
carbon,NN1
dioxide,NN1
they,PNP
are,VBB
then,AV0
chilled,VVN-AJ0
and,CJC
filtered,VVD-VVN
to,TO0
remove,VVI
the,AT0
remaining,AJ0
yeast,NN1
and,CJC
are,VBB
usually,AV0
pasteurised,VVN-VVD
as,CJS
well,AV0
to,TO0
ensure,VVI
that,CJT
death,NN1
is,VBZ
complete,AJ0
pasteurisation,NN1
avoided,VVN
by,PRP
skilled,AJ0
brewers,NN2
in,PRP-AVP
both,AV0
britain,NP0
and,CJC
other,AJ0
leading,AJ0
brewing,NN1
nations,NN2
leaves,VVZ
an,AT0
unpleasant,AJ0
burnt,AJ0
sugar,NN1
taste,NN1
to,PRP
beer,NN1
that,CJT-DT0
is,VBZ
most,AV0
apparent,AJ0
in,PRP
low,AJ0
gravity,NN1
drinks,NN2
as,CJS
the,AT0
natural,AJ0
brewing,NN1
process,NN1
has,VHZ
been,VBN
halted,VVN
the,AT0
beer,NN1
can,NN1
not,XX0
generate,VVI
its,DPS
own,DT0
carbon,NN1
dioxide,NN1
it,PNP
would,VM0
be,VBI
flat,AJ0
and,CJC
lifeless,AJ0
if,CJS
served,VVN
in,PRP
this,DT0
condition,NN1
keg,VVB-NN1
beers,NN2
so,AV0
called,VVN
because,CJS
they,PNP
are,VBB
kept,VVN
in,PRP
sealed,AJ0
and,CJC
pressurised,AJ0
containers,NN2
called,VVN
kegs,NN2
are,VBB
therefore,AV0
injected,VVN
with,PRP
carbon,NN1
dioxide,NN1
and,CJC
connected,VVN-AJ0
to,PRP
cylinders,NN2
of,PRF
co,NN1
in,PRP
the,AT0
pub,NN1
cellar,NN1
when,CJS
the,AT0
tap,NN1
on,PRP
the,AT0
bar,NN1
is,VBZ
operated,VVN
gas,NN1
forces,VVZ
the,AT0
beer,NN1
to,PRP
the,AT0
bar,NN1
the,AT0
end,NN1
result,NN1
is,VBZ
a,AT0
fizzy,AJ0
burpy,AJ0
product,NN1
served,VVD-VVN
heavily,AV0
chilled,VVN-AJ0
to,TO0
mask,VVI
its,DPS
lack,NN1
of,PRF
taste,NN1
and,CJC
flavour,NN1-VVB
not,XX0
all,DT0
keg,VVB-NN1
beers,NN2
are,VBB
pasteurised,VVN-AJ0
pubs,NN2
and,CJC
clubs,NN2
with,PRP
a,AT0
quick,AJ0
turnover,NN1
serve,VVB
what,DTQ
is,VBZ
known,VVN
as,PRP
bright,AJ0
beer,NN1
from,PRP
large,AJ0
cellar,NN1
tanks,NN2
bright,AJ0
beer,NN1
is,VBZ
certainly,AV0
preferable,AJ0
to,PRP
a,AT0
keg,NN1
but,CJC
it,PNP
still,AV0
lacks,VVZ
the,AT0
rounded,AJ0
flavour,NN1
of,PRF
a,AT0
cask,NN1
beer,NN1
and,CJC
is,VBZ
served,VVN
too,AV0
gassy,AJ0
and,CJC
too,AV0
cold,AJ0
the,AT0
last,ORD
word,NN1
in,PRP
keg,NN1
beer,NN1
is,VBZ
british,AJ0
lager,NN1
camra,NP0
is,VBZ
not,XX0
opposed,AJ0
to,PRP
lager,NN1
lager,NN1
beer,NN1
is,VBZ
the,AT0
traditional,AJ0
beer,NN1
style,NN1
of,PRF
many,DT0
countries,NN2
see,VVB
fact,NN1
sheet,NN1
on,PRP
beer,NN1
styles,NN2
and,CJC
there,EX0
are,VBB
some,DT0
superb,AJ0
beers,NN2
in,PRP
such,DT0
great,AJ0
brewing,NN1
countries,NN2
as,CJS
west,NP0
germany,NP0
and,CJC
czechoslovakia,NP0
what,DTQ
the,AT0
campaign,NN1
is,VBZ
against,PRP
is,VBZ
fake,AJ0
poor,AJ0
quality,NN1
imitation,NN1
lagers,NN2
being,VBG
foisted,VVN
on,PRP
unsuspecting,AJ0
drinkers,NN2
and,CJC
passed,VVD
off,AVP
as,CJS
being,VBG
genuinely,AV0
european,AJ0
or,CJC
australian,AJ0
all,DT0
the,AT0
main,AJ0
brands,NN2
of,PRF
lager,NN1
on,PRP
sale,NN1
in,PRP
britain,NP0
are,VBB
brewed,VVN
here,AV0
not,XX0
imported,VVN-AJ0
those,DT0
that,CJT
carry,VVB
the,AT0
same,DT0
names,NN2
as,CJS
overseas,AJ0
beers,NN2
are,VBB
produced,VVN
under,PRP
licence,NN1
and,CJC
do,VDB
not,XX0
necessarily,AV0
adhere,VVI
to,PRP
the,AT0
recipe,NN1
or,CJC
strength,NN1
of,PRF
the,AT0
original,NN1
the,AT0
whitbread,NP0
version,NN1
of,PRF
heineken,NP0
for,PRP
example,NN1
is,VBZ
degrees,NN2
of,PRF
gravity,NN1
weaker,AJC
than,CJS
the,AT0
dutch,AJ0
version,NN1
there,EX0
is,VBZ
no,AT0
such,DT0
beer,NN1
in,PRP
germany,NP0
as,CJS-PRP
hofmeister,NN1
it,PNP
is,VBZ
brewed,VVN
here,AV0
by,PRP
courage,NP0
lager,NN1
is,VBZ
brewed,VVN
by,PRP
using,VVG
paler,AJC
malts,NN2
and,CJC
european,AJ0
hop,NN1
varieties,NN2
lager,NN1
yeast,NN1
should,VM0
be,VBI
used,VVN-AJ0
but,CJC
this,DT0
is,VBZ
not,XX0
always,AV0
the,AT0
case,NN1
after,PRP
primary,AJ0
fermentation,NN1
the,AT0
beer,NN1
is,VBZ
stored,VVN-AJ0
the,AT0
german,AJ0-NN1
word,NN1
is,VBZ
lagered,VVN-AJ0
for,PRP
a,AT0
short,AJ0
time,NN1
but,CJC
rarely,AV0
for,PRP
the,AT0
month,NN1
or,CJC
more,AV0
that,DT0
is,VBZ
standard,AJ0
abroad,AV0
the,AT0
beer,NN1
is,VBZ
then,AV0
filtered,VVN-VVD
and,CJC
pasteurised,AJ0-VVD
and,CJC
served,VVD-VVN
under,PRP
gas,NN1
pressure,NN1
and,CJC
heavily,AV0
chilled,VVN-AJ0
unlike,PRP
genuine,AJ0
lagers,NN2
which,DTQ
usually,AV0
have,VHB
alcoholic,AJ0
strengths,NN2
of,PRF
per,UNC
cent,UNC
and,CJC
upwards,AV0
the,AT0
average,AJ0
british,AJ0
lager,NN1
is,VBZ
often,AV0
as,AV0
weak,AJ0
as,CJS
mild,AJ0
or,CJC
standard,AJ0
bitter,AJ0-NN1
but,CJC
is,VBZ
priced,VVN
from,PRP
to,PRP
pence,NN0
a,AT0
pint,NN1
more,AV0
as,CJS
brewers,NN2
pay,VVB
lower,AJC
rates,NN2
of,PRF
excise,NN1
duty,NN1
on,PRP
weaker,AJC
beers,NN2
lager,NN1
is,VBZ
a,AT0
highly,AV0
profitable,AJ0
business,NN1
for,PRP
the,AT0
giant,AJ0-NN1
brewing,NN1
combines,VVZ
camra,NP0
is,VBZ
also,AV0
concerned,AJ0
at,PRP
the,AT0
way,NN1
in,PRP
which,DTQ
many,DT0
keg,VVB-NN1
beers,NN2
are,VBB
brewed,VVN
and,CJC
the,AT0
ingredients,NN2
used,VVD-VVN
mashing,NP0
boiling,VVG-AJ0
and,CJC
fermentation,NN1
are,VBB
often,AV0
speeded,VVN-VVD
up,AVP
in,PRP
large,AJ0
breweries,NN2
using,VVG
such,DT0
devices,NN2
as,CJS
continuous,AJ0
fermentation,NN1
and,CJC
high,AJ0
gravity,NN1
brewing,NN1
both,DT0
of,PRF
which,DTQ
produce,VVB
standardised,AJ0
bland,AJ0
beers,NN2
of,PRF
mediocre,AJ0
quality,NN1
in,PRP
order,NN1
to,TO0
further,VVI
speed,NN1
and,CJC
cheapen,VVB
the,AT0
process,NN1
inferior,AJ0
ingredients,NN2
such,DT0
as,PRP
maize,NN1
rice,NN1
triticale,NN1
wheat,NN1
flour,NN1
and,CJC
potato,NN1
starch,NN1-VVB
are,VBB
used,VVN-AJ0
and,CJC
helped,VVD-VVN
on,PRP-AVP
their,DPS
way,NN1
by,PRP
chemicals,NN2
that,CJT
hasten,VVB
fermentation,NN1
cut,VVB
down,AVP
on,PRP
the,AT0
yeast,NN1
head,NN1
in,PRP
the,AT0
vessels,NN2
to,TO0
allow,VVI
more,DT0
wort,NN1
to,TO0
be,VBI
treated,VVN
and,CJC
to,TO0
give,VVI
a,AT0
lively,AJ0
fake,AJ0
head,NN1
to,PRP
the,AT0
finished,AJ0
product,NN1
beer,NN1
is,VBZ
classified,VVN
as,PRP
a,AT0
food,NN1
stuff,NN1
and,CJC
yet,AV0
it,PNP
is,VBZ
excluded,VVN
from,PRP
the,AT0
legal,AJ0
requirements,NN2
to,TO0
list,VVI
ingredients,NN2
drinkers,NN2
have,VHB
a,AT0
right,NN1
to,TO0
know,VVI
whether,CJS
the,AT0
beer,NN1
they,PNP
are,VBB
drinking,VVG
is,VBZ
a,AT0
genuine,AJ0
barley,NN1
malt,NN1
product,NN1
or,CJC
whether,CJS
it,PNP
is,VBZ
stuffed,VVN-AJ0
full,AJ0
of,PRF
such,DT0
tasty,AJ0
ingredients,NN2
as,CJS
corn,NN1
syrup,NN1-VVB
propylene,NN1
glycol,NN1-VVB
alginate,NN1
amyloglucosidase,VVB-NN1
papain,VVB-NN1
enzymes,NN2
and,CJC
potassium,NN1
metabisulphite,NN1
all,DT0
these,DT0
ingredients,NN2
and,CJC
additives,NN2
were,VBD
used,VVN
to,TO0
produce,VVI
miller,NP0-NN1
lite,NN1
in,PRP
the,AT0
us,NP0
until,CJS
there,EX0
was,VBD
an,AT0
outcry,NN1
from,PRP
consumers,NN2
in,PRP
britain,NP0
courage,NP0
brew,VVB-NN1
miller,NP0-NN1
lite,NN1
under,PRP
licence,NN1
but,CJC
do,VDB
not,XX0
have,VHI
to,TO0
reveal,VVI
the,AT0
ingredients,NN2
keg,VVB-NN1
bitters,NN2
and,CJC
lager,NN1
have,VHB
been,VBN
enormously,AV0
successful,AJ0
for,PRP
the,AT0
brewers,NN2
not,XX0
as,PRP
a,AT0
result,NN1
of,PRF
genuine,AJ0
consumer,NN1
demand,NN1
but,CJC
due,AJ0
to,PRP
saturation,NN1
advertising,NN1
years,NN2
ago,AV0
lager,NN1
accounted,VVN-VVD
for,PRP
less,AV0
than,CJS
per,UNC
cent,UNC
of,PRF
total,AJ0
beer,NN1
sales,NN0
today,AV0
it,PNP
is,VBZ
close,AJ0
to,PRP
per,UNC
cent,UNC
and,CJC
giants,NN2
such,DT0
as,PRP
bass,NP0-NN1
and,CJC
whitbread,NP0
once,AV0
proud,AJ0
names,NN2
in,PRP
ale,NN1
brewing,NN1
now,AV0
trumpet,VVB
the,AT0
fact,NN1
that,CJT
more,DT0
than,CJS
half,DT0
of,PRF
their,DPS
production,NN1
goes,VVZ
to,PRP
lager,NN1
it,PNP
is,VBZ
estimated,VVN
that,CJT-DT0
keg,VVB-NN1
beer,NN1
is,VBZ
twice,AV0
as,AV0
profitable,AJ0
as,CJS
cask,NN1
beer,NN1
lager,NN1
times,NN2
as,AV0
profitable,AJ0
those,DT0
profits,NN2
are,VBB
generated,VVN
in,PRP
part,NN1
as,PRP
a,AT0
result,NN1
of,PRF
expensive,AJ0
marketing,NN1
in,PRP
british,AJ0
brewers,NN2
spent,VVD
on,PRP
advertising,NN1
and,CJC
promotion,NN1
more,AV0
than,CJS
of,PRF
that,DT0
colossal,AJ0
amount,NN1
was,VBD
devoted,AJ0-VVN
to,PRP
lager,NN1
which,DTQ
is,VBZ
still,AV0
a,AT0
minority,NN1
brand,NN1
in,PRP
britain,NP0
bass,NN1-NP0
britain,NP0
major,AJ0
brewing,NN1
combine,VVB-NN1
was,VBD
responsible,AJ0
for,PRP
a,AT0
quarter,NN1
of,PRF
all,DT0
advertising,AJ0-NN1
spending,NN1
and,CJC
spent,VVD
on,PRP
lager,NN1
compared,VVN
to,PRP
on,PRP
beer,NN1
it,PNP
is,VBZ
marketing,NN1-VVG
and,CJC
money,NN1
that,CJT-DT0
fuel,VVB-NN1
the,AT0
lager,NN1
bandwagon,NN1
not,XX0
consumer,NN1
preference,NN1
kegs,NN2-VVZ
in,PRP
the,AT0
pub,NN1
cellar,NN1
the,AT0
one,PNI
on,PRP
the,AT0
left,AJ0-NN1
connected,AJ0-VVN
for,PRP
serving,VVG
the,AT0
lifeless,AJ0
beer,NN1
is,VBZ
pumped,VVN-AJ0
full,AJ0
of,PRF
carbon,NN1
dioxide,NN1
gas,NN1
and,CJC
further,AJC
gas,NN1
is,VBZ
used,VVN
to,TO0
force,VVI
the,AT0
beer,NN1
to,PRP
the,AT0
bar,NN1
but,CJC
weak,AJ0
and,CJC
gassy,AJ0
uk,NP0
lagers,NN2
have,VHB
little,DT0
in,PRP
common,NN1
with,PRP
genuine,AJ0
beers,NN2
from,PRP
europe,NP0
the,AT0
can,NN1
is,VBZ
a,AT0
genuine,AJ0
aussie,NN1
but,CJC
xxxx,NP0
is,VBZ
now,AV0
brewed,VVN
on,PRP
draught,NN1
and,CJC
in,PRP
package,NN1
in,PRP
britain,NP0
by,PRP
allied,AJ0
breweries,NN2
at,PRP
wrexham,NP0
and,CJC
this,DT0
is,VBZ
where,AVQ
the,AT0
traditional,AJ0
colouring,NN1
flavouring,VVG-NN1
and,CJC
preservatives,NN2
are,VBB
added,VVN-AJ0
i,PNP
know,VVB
the,AT0
ads,NN2
have,VHB
created,VVN
a,AT0
good,AJ0
demand,NN1
just,AV0
how,AVQ
many,DT0
skols,NP0
do,VDB
you,PNP
want,VVI
the,AT0
balloon,NN1
says,VVZ
it,PNP
all,DT0
lager,NN1
has,VHZ
less,AV0
than,CJS
per,UNC
cent,UNC
of,PRF
the,AT0
british,AJ0
beer,NN1
market,NN1-VVB
yet,AV0
the,AT0
brewers,NN2
spend,VVB
of,PRF
their,DPS
advertising,NN1
money,NN1
on,PRP
it,PNP
ruddles,NN2
once,AV0
a,AT0
proud,AJ0
independent,NN1
now,AV0
owned,VVN
by,PRP
watneys,NP0
promotes,VVZ
its,DPS
processed,AJ0
beers,NN2
as,CJS
though,CJS
they,PNP
have,VHB
the,AT0
support,NN1
of,PRF
camra,NP0
miller,NP0-NN1
lite,NN1
brewed,VVN
under,PRP
licence,NN1
by,PRP
courage,NP0
described,VVN
as,PRP
the,AT0
nearest,AJS
thing,NN1
to,PRP
an,AT0
empty,AJ0
glass,NN1
camra,NP0
fact,NN1
sheet,NN1
no,NN1
in,PRP
the,AT0
pub,NN1
considerable,AJ0
care,NN1
and,CJC
skill,NN1
are,VBB
needed,VVN
to,TO0
handle,VVI
cask,NN1-VVB
beer,NN1
when,CJS
it,PNP
reaches,VVZ
the,AT0
pub,NN1
it,PNP
is,VBZ
not,XX0
yet,AV0
ready,AJ0
to,TO0
be,VBI
served,VVN
depending,VVG
on,PRP
its,DPS
strength,NN1
and,CJC
the,AT0
time,NN1
required,VVN
for,PRP
it,PNP
to,TO0
reach,VVI
maturity,NN1
a,AT0
beer,NN1
must,VM0
stand,VVI
for,PRP
to,PRP
hours,NN2
before,CJS
it,PNP
can,VM0
be,VBI
drunk,VVN-AJ0
the,AT0
usual,AJ0
practice,NN1
is,VBZ
for,PRP
casks,NN2
to,TO0
be,VBI
rolled,VVN
into,PRP
deep,AJ0-AV0
cool,AJ0
cellars,NN2
some,DT0
pubs,NN2
have,VHB
their,DPS
cellars,NN2
on,PRP
the,AT0
ground,NN1
floor,NN1
while,CJS
a,AT0
few,DT0
pubs,NN2
often,AV0
in,PRP
rural,AJ0
areas,NN2
keep,VVB
their,DPS
casks,NN2
on,PRP-AVP
or,CJC
behind,PRP
the,AT0
bar,NN1
and,CJC
serve,VVB
the,AT0
beer,NN1
by,PRP
gravity,NN1
from,PRP
a,AT0
tap,NN1
in,PRP
the,AT0
tap,NN1
hole,NN1
wherever,AVQ
the,AT0
beer,NN1
is,VBZ
kept,VVN
the,AT0
temperature,NN1
must,VM0
be,VBI
carefully,AV0
controlled,VVN
the,AT0
ideal,AJ0
temperature,NN1
for,PRP
serving,VVG
a,AT0
cask,NN1
beer,NN1
is,VBZ
it,PNP
is,VBZ
wrong,AJ0
to,TO0
say,VVI
that,CJT
real,AJ0
ale,NN1
should,VM0
be,VBI
served,VVN
at,PRP
room,NN1
temperature,NN1
too,AV0
warm,AJ0
and,CJC
the,AT0
beer,NN1
tastes,VVZ-NN2
tacky,AJ0
and,CJC
rancid,AJ0
too,AV0
cold,AJ0
and,CJC
the,AT0
subtle,AJ0
palate,NN1
of,PRF
the,AT0
beer,NN1
is,VBZ
masked,VVN
by,PRP
the,AT0
chill,NN1
a,AT0
beer,NN1
cask,NN1
can,VM0
come,VVI
in,PRP-AVP
several,DT0
sizes,NN2
a,AT0
pin,NN1
gallons,NN2
a,AT0
firkin,NN1
a,AT0
kilderkin,NN1
a,AT0
barrel,NN1
and,CJC
a,AT0
hogshead,NN1
many,DT0
brewers,NN2
are,VBB
now,AV0
using,VVG
metric,AJ0
sizes,NN2
a,AT0
cask,NN1
has,VHZ
holes,NN2
the,AT0
tap,NN1
hole,NN1
at,PRP
of,PRF
the,AT0
flat,AJ0-NN1
ends,NN2-VVZ
to,PRP
which,DTQ
a,AT0
tap,NN1
and,CJC
pipe,NN1-VVB
are,VBB
attached,VVN
and,CJC
a,AT0
bigger,AJC
shive,NN1
hole,NN1
on,PRP
top,NN1-AJ0
the,AT0
cask,NN1
is,VBZ
laid,VVN
on,PRP
a,AT0
cradle,NN1
on,PRP
its,DPS
side,NN1
to,TO0
encourage,VVI
the,AT0
sediment,NN1
to,TO0
sink,VVI
to,PRP
the,AT0
belly,NN1
a,AT0
small,AJ0
wooden,AJ0
peg,NN1
called,VVN
a,AT0
spile,NN1
is,VBZ
knocked,VVN
into,PRP
the,AT0
soft,AJ0
core,NN1
of,PRF
the,AT0
shive,NN1
types,NN2
are,VBB
used,VVN-AJ0
a,AT0
soft,AJ0
spile,NN1
and,CJC
a,AT0
hard,AJ0
spile,NN1
while,CJS
the,AT0
beer,NN1
continues,VVZ
to,TO0
ferment,VVI
in,PRP
the,AT0
cask,NN1-VVB
the,AT0
co,NN1
produced,VVD-AJ0
escapes,NN2
through,PRP
the,AT0
soft,AJ0
spile,NN1
when,CJS
fermentation,NN1
starts,VVZ
to,TO0
slow,VVI
down,AVP
a,AT0
hard,AJ0
spile,NN1
is,VBZ
used,VVN
to,TO0
control,VVI
the,AT0
escape,NN1
of,PRF
the,AT0
gas,NN1
without,PRP
natural,AJ0
co,NN1
the,AT0
beer,NN1
would,VM0
be,VBI
flat,AJ0
when,CJS
the,AT0
cellarman,NN1
judges,VVZ
that,CJT
the,AT0
beer,NN1
is,VBZ
in,PRP
perfect,AJ0
condition,NN1
he,PNP
or,CJC
she,PNP
hammers,VVZ
a,AT0
tap,NN1
through,PRP
the,AT0
wooden,AJ0
or,CJC
plastic,NN1
keystone,NN1
in,PRP
the,AT0
tap,NN1
hole,NN1
of,PRF
the,AT0
cask,NN1
there,EX0
are,VBB
ways,NN2
in,PRP
which,DTQ
cask,VVB-NN1
beer,NN1
can,VM0
be,VBI
stored,VVN
that,CJT
interfere,VVB
with,PRP
the,AT0
vital,AJ0
secondary,AJ0-NN1
fermentation,NN1
cylinders,NN2
of,PRF
gas,NN1
can,VM0
be,VBI
connected,VVN
to,PRP
the,AT0
spile,NN1
hole,NN1
to,TO0
keep,VVI
a,AT0
blanket,NN1
of,PRF
applied,AJ0
co,NN1
on,PRP
the,AT0
beer,NN1
a,AT0
light,AJ0
covering,NN1
of,PRF
gas,NN1
is,VBZ
known,VVN
as,PRP
blanket,NN1
pressure,NN1
a,AT0
heavier,AJC
pressure,NN1
used,VM0
to,TO0
force,VVI
the,AT0
beer,NN1
to,PRP
the,AT0
bar,NN1
is,VBZ
known,VVN
as,PRP
top,AJ0
pressure,NN1
the,AT0
aim,NN1
is,VBZ
to,TO0
keep,VVI
the,AT0
beer,NN1
in,PRP
a,AT0
drinkable,AJ0
condition,NN1
for,PRP
longer,AJC
but,CJC
both,AV0
systems,NN2
interfere,VVB
with,PRP
the,AT0
maturation,NN1
of,PRF
the,AT0
beer,NN1
and,CJC
deliver,VVB
an,AT0
unpleasantly,AV0
fizzy,AJ0
pint,NN1
camra,NP0
does,VDZ
not,XX0
recognise,VVI
such,DT0
pressure,NN1
systems,NN2
a,AT0
number,NN1
of,PRF
brewers,NN2
now,AV0
use,VVB
a,AT0
device,NN1
called,VVN
a,AT0
cask,NN1
breather,NN1
on,PRP
low,AJ0
volume,NN1
beers,NN2
to,TO0
prolong,VVI
their,DPS
life,NN1
although,CJS
no,AT0
extraneous,AJ0
gas,NN1
is,VBZ
used,VVN-AJ0
camra,NP0
also,AV0
frowns,VVZ
on,PRP
the,AT0
breather,NN1
as,CJS
interfering,VVG
with,PRP
the,AT0
natural,AJ0
process,NN1
of,PRF
maturing,AJ0-VVG
and,CJC
serving,VVG
cask,NN1-VVB
beer,NN1
left,VVN-AJ0
to,PRP
its,DPS
own,DT0
devices,NN2
real,AJ0
ale,NN1
stays,VVZ-NN2
in,PRP-AVP
a,AT0
drinkable,AJ0
condition,NN1
for,PRP
about,AV0
a,AT0
week,NN1
when,CJS
the,AT0
pub,NN1
landlord,NN1
or,CJC
cellarman,NN1
considers,VVZ
that,CJT
the,AT0
beer,NN1
is,VBZ
ready,AJ0
to,TO0
serve,VVI
it,PNP
is,VBZ
said,VVN
to,TO0
have,VHI
dropped,VVN
bright,AJ0
with,PRP
the,AT0
sediment,NN1
of,PRF
yeast,NN1
in,PRP
the,AT0
belly,NN1
of,PRF
the,AT0
cask,NN1
and,CJC
to,TO0
have,VHI
matured,VVN
sufficiently,AV0
a,AT0
long,AJ0
plastic,NN1
tube,NN1
is,VBZ
connected,VVN
to,PRP
the,AT0
tap,NN1
and,CJC
the,AT0
beer,NN1
is,VBZ
ready,AJ0
to,TO0
be,VBI
pulled,VVN
to,PRP
the,AT0
bar,NN1
the,AT0
most,AV0
familiar,AJ0
method,NN1
of,PRF
serving,VVG
real,AJ0
ale,NN1
is,VBZ
the,AT0
beer,NN1
engine,NN1
a,AT0
simple,AJ0
suction,NN1
pump,NN1
operated,VVN
by,PRP
a,AT0
tall,AJ0
handpump,NN1
on,PRP
the,AT0
bar,NN1
when,CJS
the,AT0
handle,NN1
is,VBZ
pulled,VVN
the,AT0
engine,NN1
delivers,VVZ
a,AT0
half,DT0
pint,NN1
of,PRF
beer,NN1
to,PRP
the,AT0
bar,NN1
some,DT0
pubs,NN2
mainly,AV0
in,PRP
the,AT0
midlands,NP0
and,CJC
the,AT0
north,NN1
use,VVB-NN1
electric,AJ0
pumps,NN2
to,TO0
draw,VVI
the,AT0
beer,NN1
to,PRP
the,AT0
bar,NN1
electric,AJ0
pumps,NN2
either,DT0
of,PRF
the,AT0
simple,AJ0
free,AJ0
flow,NN1
type,NN1
or,CJC
the,AT0
metered,AJ0
pump,NN1
which,DTQ
delivers,VVZ
exact,AJ0
half,NN1
pints,NN2
are,VBB
a,AT0
perfectly,AV0
acceptable,AJ0
method,NN1
of,PRF
serving,VVG
cask,NN1-VVB
beer,NN1
but,CJC
they,PNP
can,VM0
be,VBI
confused,AJ0
with,PRP
the,AT0
pressurised,AJ0
founts,NN2
used,VM0
to,TO0
dispense,VVI
keg,NN1-VVB
beers,NN2
in,PRP
the,AT0
north,NN1
a,AT0
nozzle,NN1
called,VVN
a,AT0
sparkler,NN1
is,VBZ
often,AV0
attached,VVN
to,PRP
the,AT0
spout,NN1
on,PRP
the,AT0
bar,NN1
to,TO0
give,VVI
beer,NN1
the,AT0
creamy,AJ0
head,NN1
preferred,VVD-VVN
there,AV0
in,PRP
scotland,NP0
beer,NN1
is,VBZ
usually,AV0
served,VVN
in,PRP
a,AT0
quite,AV0
different,AJ0
fashion,NN1
casks,NN2
are,VBB
placed,VVN
on,PRP
their,DPS
ends,NN2
in,PRP
the,AT0
cellar,NN1
and,CJC
a,AT0
long,AJ0
tube,NN1
known,VVN
as,PRP
an,AT0
extractor,NN1
is,VBZ
inserted,VVN
through,PRP
the,AT0
tap,NN1
hole,NN1
the,AT0
extractor,NN1
is,VBZ
connected,VVN
to,PRP
the,AT0
bar,NN1
pump,NN1
by,PRP
a,AT0
plastic,NN1
beer,NN1
line,NN1
instead,AV0
of,PRF
a,AT0
handpump,NN1
on,PRP
the,AT0
bar,NN1
you,PNP
will,VM0
find,VVI
a,AT0
tall,AJ0
fount,NN1
with,PRP
a,AT0
lever,NN1
when,CJS
the,AT0
lever,NN1
is,VBZ
operated,VVN
the,AT0
beer,NN1
is,VBZ
driven,VVN
to,PRP
the,AT0
bar,NN1
by,PRP
air,NN1
pressure,NN1
produced,VVD-VVN
either,AV0
by,PRP
an,AT0
electric,AJ0
air,NN1
compressor,NN1
or,CJC
more,AV0
rarely,AV0
a,AT0
water,NN1
engine,NN1
the,AT0
strength,NN1
of,PRF
beer,NN1
brewers,NN2
pay,VVB
tax,NN1
or,CJC
excise,NN1
duty,NN1
on,PRP
the,AT0
original,AJ0
gravity,NN1
of,PRF
each,DT0
brew,NN1
prior,AJ0
to,PRP
fermentation,NN1
the,AT0
excise,NN1
officer,NN1
measures,VVZ
the,AT0
amount,NN1
of,PRF
fermentable,AJ0
material,NN1
malt,NN1
and,CJC
other,AJ0
sugars,NN2
in,PRP
the,AT0
wort,NN1
as,CJS
water,NN1
has,VHZ
a,AT0
gravity,NN1
of,PRF
degrees,NN2
a,AT0
beer,NN1
with,PRP
parts,NN2
of,PRF
fermentable,AJ0
material,NN1
will,VM0
be,VBI
said,VVN
to,TO0
have,VHI
an,AT0
original,AJ0
gravity,NN1
or,CJC
og,NN1
of,PRF
degrees,NN2
while,CJS
the,AT0
gravity,NN1
falls,VVZ-NN2
during,PRP
the,AT0
fermentation,NN1
process,NN1-VVB
the,AT0
og,NN1
does,VDZ
give,VVI
a,AT0
useful,AJ0
indication,NN1
of,PRF
the,AT0
strength,NN1
of,PRF
beer,NN1
mild,AJ0
beers,NN2
usually,AV0
have,VHB
ogs,NN2
of,PRF
degrees,NN2
ordinary,AJ0
bitters,NN2
special,AJ0
bitters,NN2
and,CJC
strong,AJ0
ales,NN2
anything,PNI
from,PRP
to,PRP
degrees,NN2
stouts,NN2
usually,AV0
have,VHB
gravities,NN2
in,PRP
the,AT0
middle,AJ0
original,AJ0
gravity,NN1
can,VM0
be,VBI
roughly,AV0
translated,VVN
into,PRP
alcoholic,AJ0
strength,NN1
as,CJS
follows,VVZ
a,AT0
beer,NN1
has,VHZ
approximately,AV0
per,UNC
cent,UNC
alcohol,NN1
a,AT0
beer,NN1
has,VHZ
per,UNC
cent,UNC
alcohol,NN1
and,CJC
so,AV0
on,AV0
how,AVQ
to,TO0
ruin,VVI
perfection,NN1
gas,NN1
connected,VVN
to,PRP
a,AT0
cask,NN1
of,PRF
beer,NN1
keeps,VVZ
the,AT0
ale,NN1
under,PRP
a,AT0
blanket,NN1
of,PRF
co2,UNC
making,VVG
it,PNP
unpleasantly,AV0
fizzy,AJ0
serving,VVG
the,AT0
perfect,AJ0
pint,NN1
a,AT0
fine,AJ0
bank,NN1
of,PRF
handpumps,NN2
in,PRP
a,AT0
traditional,AJ0
tap,NN1
room,NN1
examples,NN2
of,PRF
different,AJ0
types,NN2
of,PRF
electric,AJ0
pumps,NN2
the,AT0
on,PRP
the,AT0
left,AJ0-NN1
are,VBB
metered,AJ0
pumps,NN2
serving,VVG
exact,AJ0
the,AT0
ones,NN2
on,PRP
the,AT0
right,NN1
are,VBB
free,AJ0
flow,NN1
pumps,NN2
the,AT0
classic,AJ0-NN1
bank,NN1
of,PRF
victorian,AJ0
beer,NN1
engines,NN2
showing,VVG
the,AT0
suction,NN1
pumps,NN2
operated,VVN
by,PRP
handpulls,NN2
an,AT0
experienced,AJ0
cellarman,NN1
checking,VVG
a,AT0
cask,NN1
of,PRF
ale,NN1
to,TO0
make,VVI
sure,AJ0
that,CJT
the,AT0
beer,NN1
has,VHZ
dropped,VVN
bright,AJ0
and,CJC
is,VBZ
ready,AJ0
to,TO0
be,VBI
served,VVN
camra,NP0
fact,NN1
sheet,NN1
no,NN1
beer,NN1
styles,NN2
mild,AJ0
ale,NN1
is,VBZ
of,PRF
the,AT0
last,ORD
surviving,AJ0
examples,NN2
of,PRF
the,AT0
type,NN1
of,PRF
beer,NN1
the,AT0
whole,AJ0
world,NN1
drank,VVD
until,CJS-PRP
new,AJ0
developments,NN2
in,PRP
britain,NP0
and,CJC
europe,NP0
introduced,VVD
lighter,AJC
coloured,AJ0
brews,NN2
until,PRP
then,AV0
beer,NN1
was,VBD
dark,AJ0
in,PRP
colour,NN1
though,CJS
it,PNP
was,VBD
considerably,AV0
stronger,AJC
than,CJS
the,AT0
milds,NN2
consumed,VVD
today,AV0
it,PNP
is,VBZ
the,AT0
increasing,AJ0
burden,NN1
of,PRF
excise,NN1
duty,NN1
however,AV0
that,DT0-CJT
has,VHZ
reduced,VVN
the,AT0
strength,NN1
of,PRF
mild,NN1
at,PRP
the,AT0
turn,NN1
of,PRF
the,AT0
century,NN1
the,AT0
average,AJ0-NN1
gravity,NN1
of,PRF
mild,AJ0
ale,NN1
in,PRP
britain,NP0
was,VBD
degrees,NN2
the,AT0
strength,NN1
of,PRF
a,AT0
powerful,AJ0
modern,AJ0
bitter,AJ0-NN1
milds,NN2
today,AV0
have,VHB
gravities,NN2
ranging,VVG
from,PRP
to,PRP
degrees,NN2
the,AT0
style,NN1
has,VHZ
virtually,AV0
disappeared,VVN
from,PRP
the,AT0
of,PRF
england,NP0
but,CJC
there,EX0
is,VBZ
still,AV0
considerable,AJ0
demand,NN1
for,PRP
it,PNP
in,PRP
the,AT0
west,NP0
midlands,NP0
wales,NP0
and,CJC
the,AT0
fine,AJ0
examples,NN2
of,PRF
the,AT0
style,NN1
include,VVB
ansells,NN2
thwaites,NP0
and,CJC
brain,NN1
dark,NN1-AJ0
as,CJS
the,AT0
last,ORD
name,NN1
suggests,VVZ
mild,NN1-AJ0
tends,VVZ
to,TO0
be,VBI
dark,AJ0
either,AV0
by,PRP
using,VVG
dark,AJ0
malt,NN1
or,CJC
the,AT0
addition,NN1
of,PRF
caramel,NN1
there,EX0
are,VBB
some,DT0
excellent,AJ0
light,AJ0-NN1
milds,NN2
though,CJS
mcmullen,NP0
ak,NN1
from,PRP
hertford,NP0
keeps,VVZ
the,AT0
mild,AJ0
flag,NN1
flying,VVG-NN1
in,PRP
the,AT0
home,NN1
counties,NN2
bitter,NN1-AJ0
is,VBZ
now,AV0
the,AT0
premier,AJ0-NN1
beer,NN1
style,NN1
in,PRP
england,NP0
and,CJC
wales,NP0
it,PNP
developed,VVD
in,PRP
the,AT0
early,AJ0
19th,ORD
century,NN1
in,PRP
burton,NP0
upon,PRP
trent,NP0
where,AVQ
such,DT0
brewing,NN1
companies,NN2
as,CJS
william,NP0
bass,NP0
answered,VVD
the,AT0
demand,NN1
from,PRP
the,AT0
colonies,NN2
for,PRP
a,AT0
cool,NN1
sparkling,VVG-AJ0
and,CJC
beer,NN1
with,PRP
india,NP0
pale,AJ0
ale,NN1
a,AT0
taste,NN1
for,PRP
ipa,NP0-NN1
spread,VVD
rapidly,AV0
through,PRP
the,AT0
home,NN1
market,NN1
and,CJC
several,DT0
large,AJ0
london,NP0
brewers,NN2
established,VVD-VVN
plants,NN2
in,PRP
burton,NP0
to,TO0
start,VVI
brewing,VVG-NN1
pale,AJ0
ale,NN1
or,CJC
bitter,AJ0
taking,VVG
advantage,NN1
of,PRF
the,AT0
burton,NP0
waters,VVZ-NN2
rich,AJ0
in,PRP
gypsum,NN1
now,AV0
brewers,NN2
at,PRP
home,NN1
and,CJC
abroad,AV0
burtonise,VVB
their,DPS
water,NN1
to,TO0
brew,VVI
pale,AJ0
bitters,NN2
and,CJC
lagers,NN2
bitters,NN2
have,VHB
gravities,NN2
ranging,VVG
from,PRP
to,PRP
best,AJS
or,CJC
special,AJ0
bitters,NN2
the,AT0
true,AJ0
descendants,NN2
of,PRF
india,NP0
pale,AJ0
ale,NN1
range,NN1-VVB
from,PRP
to,PRP
some,DT0
famous,AJ0
strong,AJ0
bitters,NN2
such,DT0
as,PRP
fuller,NP0
esb,NN1-NP0
weigh,VVB
in,AVP
at,PRP
degrees,NN2
stout,NN1-AJ0
in,PRP
common,NN1
with,PRP
mild,AJ0-NN1
is,VBZ
an,AT0
historical,AJ0
throwback,NN1
the,AT0
descendant,NN1
of,PRF
the,AT0
great,AJ0
london,NP0
beer,NN1
styled,VVD
called,AJ0-VVN
porter,NN1
which,DTQ
dominated,VVD
the,AT0
market,NN1
in,PRP
the,AT0
18th,ORD
and,CJC
19th,ORD
centuries,NN2
and,CJC
helped,VVN-VVD
create,VVI
rich,AJ0
and,CJC
powerful,AJ0
commercial,AJ0
brewers,NN2
porter,NP0-NN1
was,VBD
a,AT0
strong,AJ0
and,CJC
dark,AJ0
beer,NN1
heavily,AV0
hopped,VVN
when,CJS
arthur,NP0
guinness,NP0
started,VVD
to,TO0
brew,VVI
porter,NN1
in,PRP
his,DPS
dublin,NP0
brewery,NN1
he,PNP
created,VVD
an,AT0
insatiable,AJ0
demand,NN1
for,PRP
his,DPS
beer,NN1
that,CJT
has,VHZ
never,AV0
waned,VVN
in,PRP
ireland,NP0
stout,NN1
was,VBD
the,AT0
strongest,AJS
or,CJC
stoutest,AJS
of,PRF
the,AT0
porter,NN1
brews,NN2-VVZ
stouts,NN2
today,AV0
are,VBB
not,XX0
exceptionally,AV0
strong,AJ0
usually,AV0
in,PRP
the,AT0
low,AJ0
og,NN1
and,CJC
are,VBB
distinguished,VVN
by,PRP
a,AT0
high,AJ0
hop,NN1
rate,NN1
and,CJC
by,PRP
their,DPS
jet,NN1
black,NN1-AJ0
or,CJC
dark,AJ0
brown,AJ0
colour,NN1
achieved,VVN
by,PRP
the,AT0
use,NN1
of,PRF
roasted,AJ0
malts,NN2
and,CJC
unmalted,AJ0
roasted,AJ0
barley,NN1
strong,AJ0
ales,NN2
come,VVB
in,PRP-AVP
a,AT0
variety,NN1
of,PRF
styles,NN2
and,CJC
strengths,NN2
winter,NN1
warmers,NN2
barley,NN1
wines,NN2
christmas,NN1
ales,NN2
old,AJ0
ales,NN2
with,PRP
gravities,NN2
ranging,VVG
from,PRP
to,PRP
or,CJC
more,AV0
they,PNP
are,VBB
usually,AV0
dark,AJ0
and,CJC
sweet,AJ0
and,CJC
heavily,AV0
hopped,VVN
they,PNP
are,VBB
often,AV0
sold,VVN
in,PRP
the,AT0
winter,NN1
months,NN2
from,PRP
small,AJ0
casks,NN2
kept,VVN-VVD
on,PRP
bar,NN1
counters,NN2
they,PNP
are,VBB
best,AV0
enjoyed,VVN
in,PRP
small,AJ0
quantities,NN2
bottled,AJ0
beers,NN2
are,VBB
usually,AV0
filtered,VVN
and,CJC
pasteurised,VVD-AJ0
the,AT0
bottled,AJ0
version,NN1
of,PRF
keg,NN1
fortunately,AV0
there,EX0
are,VBB
still,AV0
a,AT0
handful,NN1
of,PRF
splendid,AJ0
brews,NN2
that,CJT
are,VBB
allowed,VVN
to,PRP
condition,NN1
in,PRP
the,AT0
bottle,NN1
worthington,NP0
white,NP0
shield,NN1
brewed,VVN
by,PRP
bass,NP0-NN1
is,VBZ
a,AT0
strong,AJ0
nutty,AJ0
pale,AJ0
ale,NN1
that,CJT
has,VHZ
to,TO0
be,VBI
poured,VVN
with,PRP
care,NN1
in,PRP
order,NN1
to,TO0
retain,VVI
the,AT0
natural,AJ0
sediment,NN1
in,PRP
the,AT0
bottle,NN1
guinness,NP0
a,AT0
superb,AJ0
beer,NN1
is,VBZ
naturally,AV0
conditioned,VVN
in,PRP
bottles,NN2
all,DT0
other,AJ0
forms,NN2
are,VBB
filtered,VVN
and,CJC
pasteurised,AJ0-VVN
as,CJS
is,VBZ
the,AT0
bottled,AJ0
version,NN1
sold,VVN
in,PRP
scotland,NP0
imperial,AJ0
russian,AJ0
stout,NN1
has,VHZ
a,AT0
powerful,AJ0
gravity,NN1
of,PRF
degrees,NN2
and,CJC
also,AV0
conditions,NN2-VVZ
in,PRP
the,AT0
bottle,NN1
brewed,VVN
by,PRP
courage,NP0
its,DPS
name,NN1
stems,VVZ-NN2
from,PRP
the,AT0
fact,NN1
that,CJT
it,PNP
was,VBD
once,AV0
exported,VVN
to,PRP
russia,NP0
where,AVQ
it,PNP
was,VBD
so,AV0
popular,AJ0
with,PRP
the,AT0
czarist,AJ0-NN1
court,NN1
that,CJT
it,PNP
was,VBD
brewed,VVN
under,PRP
licence,NN1
in,PRP
estonia,NP0
until,PRP
the,AT0
revolution,NN1
thomas,NP0
hardy,NP0
ale,NN1
brewed,VVN
by,PRP
eldridge,NP0
pope,NP0
has,VHZ
an,AT0
og,NN1
of,PRF
degrees,NN2
and,CJC
each,DT0
small,AJ0
bottle,NN1
has,VHZ
to,TO0
be,VBI
laid,VVN
down,AVP
for,PRP
several,DT0
years,NN2
before,CJS
it,PNP
is,VBZ
ready,AJ0
to,TO0
drink,VVI
gale,NP0
prize,NN1
old,AJ0
ale,NN1
og,NN1
comes,VVZ
in,PRP-AVP
a,AT0
bottle,NN1
scotland,NP0
has,VHZ
a,AT0
different,AJ0
brewing,NN1
tradition,NN1
in,PRP
england,NP0
and,CJC
wales,NP0
beers,NN2
tend,VVB
to,TO0
be,VBI
darker,AJC
and,CJC
sweeter,AJC
hops,NN2
can,VM0
not,XX0
be,VBI
grown,VVN
north,NN1
of,PRF
the,AT0
border,NN1
and,CJC
the,AT0
cost,NN1
of,PRF
importing,VVG
them,PNP
from,PRP
england,NP0
means,VVZ
they,PNP
are,VBB
used,VVN
more,AV0
sparingly,AV0
good,AJ0
malting,AJ0-NN1
barley,NN1
comes,VVZ
from,PRP
the,AT0
lowlands,NN2
and,CJC
from,PRP
england,NP0
highland,NP0-NN1
barley,NN1
is,VBZ
better,AV0
suited,VVN
for,PRP
distilling,VVG
the,AT0
darker,AJC
colour,NN1
of,PRF
scottish,AJ0
beer,NN1
comes,VVZ
from,PRP
the,AT0
use,NN1
of,PRF
roasted,AJ0
barley,NN1
or,CJC
dark,AJ0
malt,NN1
in,PRP
addition,NN1
to,PRP
pale,AJ0
malt,NN1
low,AJ0
gravity,NN1
beers,NN2
are,VBB
called,VVN
light,NN1-AJ0
even,AV0
when,CJS
they,PNP
are,VBB
black,AJ0
or,CJC
walnut,NN1
brown,NN1-AJ0
in,PRP
colour,NN1
medium,AJ0
gravity,NN1
beers,NN2
are,VBB
called,VVN
heavy,AJ0
and,CJC
strong,AJ0
beers,NN2
are,VBB
known,VVN
as,PRP
export,NN1
recalling,VVG
the,AT0
heyday,NN1
of,PRF
scottish,AJ0
brewing,NN1
when,AVQ-CJS
companies,NN2
such,DT0
as,PRP
younger,NP0
sold,VVD
their,DPS
beers,NN2
extensively,AV0
to,PRP
north,NN1
america,NP0
india,NP0
and,CJC
australasia,NP0
pump,NN1-VVB
clips,VVZ
often,AV0
bear,VVB
the,AT0
names,NN2
of,PRF
and,CJC
occasionally,AV0
shilling,NN1
the,AT0
use,NN1
of,PRF
the,AT0
term,NN1
shilling,NN1
derives,VVZ
from,PRP
an,AT0
19th,ORD
century,NN1
system,NN1
of,PRF
invoicing,AJ0
beer,NN1
according,VVG
to,PRP
its,DPS
gravity,NN1
a,AT0
shilling,NN1
ale,NN1
is,VBZ
a,AT0
low,AJ0
gravity,NN1
beer,NN1
an,AT0
shilling,NN1
is,VBZ
considerably,AV0
stronger,AJC
similar,AJ0
to,PRP
an,AT0
english,AJ0
special,AJ0
bitter,AJ0-NN1
although,CJS
the,AT0
invoicing,AJ0-NN1
system,NN1
is,VBZ
long,AV0
redundant,AJ0
the,AT0
use,NN1
of,PRF
the,AT0
shilling,NN1
in,PRP
the,AT0
name,NN1
of,PRF
a,AT0
beer,NN1
does,VDZ
give,VVI
a,AT0
useful,AJ0
indication,NN1
of,PRF
its,DPS
strength,NN1
while,CJS
handpumps,NN2
are,VBB
now,AV0
widespread,AJ0
in,PRP
scotland,NP0
as,CJS
fact,NN1
sheet,NN1
shows,VVZ
the,AT0
traditional,AJ0
method,NN1
of,PRF
serving,VVG
cask,NN1-VVB
beer,NN1
in,PRP
scotland,NP0
is,VBZ
the,AT0
tall,AJ0
fount,NN1
primed,VVN
by,PRP
air,NN1
pressure,NN1
michael,NP0
thomas,NP0
bass,NP0
the,AT0
great,AJ0
entrepreneur,NN1
who,PNQ
turned,VVD
bass,NP0-NN1
into,PRP
a,AT0
great,AJ0
victorian,AJ0
company,NN1
and,CJC
before,PRP
the,AT0
rise,NN1
of,PRF
the,AT0
american,AJ0
giants,NN2
the,AT0
biggest,AJS
brewery,NN1
in,PRP
the,AT0
world,NN1
at,PRP
burton,NP0
upon,PRP
trent,NP0
camra,NP0
fact,NN1
sheet,NN1
no,NN1
how,AVQ
camra,NP0
works,VVZ
the,AT0
campaign,NN1
of,PRF
real,AJ0
ale,NN1
was,VBD
started,VVN
in,PRP
the,AT0
early,AJ0
by,PRP
a,AT0
small,AJ0
group,NN1
of,PRF
beer,NN1
lovers,NN2
who,PNQ
was,VBD
appalled,AJ0
by,PRP
the,AT0
heavily,AV0
promoted,VVN
keg,NN1-VVB
beers,NN2
that,CJT
threatened,VVD
to,TO0
replace,VVI
traditional,AJ0
draught,NN1
ales,NN2
the,AT0
national,AJ0
keg,NN1
brands,NN2
were,VBD
the,AT0
result,NN1
of,PRF
a,AT0
wave,NN1
of,PRF
takeovers,NN2
and,CJC
mergers,NN2
in,PRP
the,AT0
and,CJC
early,AJ0
that,CJT-DT0
created,VVD
the,AT0
big,AJ0
combines,VVZ
bass,NP0
allied,AJ0
met,VVD
whitbread,NP0
courage,NP0
and,CJC
scottish,AJ0
newcastle,NP0
the,AT0
campaign,NN1
won,VVD
media,NN0
attention,NN1
as,PRP
a,AT0
result,NN1
of,PRF
its,DPS
outspoken,AJ0
criticism,NN1
of,PRF
the,AT0
state,NN1
of,PRF
british,AJ0
beer,NN1
backed,VVN
by,PRP
punchy,AJ0
public,AJ0-NN1
relations,NN2
marches,NN2-VVZ
demonstrations,NN2
and,CJC
the,AT0
launch,NN1
of,PRF
the,AT0
good,AJ0
beer,NN1
guide,NN1-VVB
which,DTQ
listed,VVD
those,DT0
pubs,NN2
that,CJT
still,AV0
sold,VVD-VVN
the,AT0
real,AJ0
thing,NN1
membership,NN1
grew,VVD
at,PRP
an,AT0
astonishing,AJ0
pace,NN1
reaching,VVG
close,AV0-AJ0
to,PRP
in,PRP
the,AT0
late,AJ0
camra,NP0
produced,VVD
reports,NN2
on,PRP
the,AT0
brewing,NN1
industry,NN1
pointing,VVG
to,PRP
the,AT0
monopoly,NN1
grip,NN1
of,PRF
the,AT0
big,AJ0
in,PRP
many,DT0
parts,NN2
of,PRF
the,AT0
country,NN1
and,CJC
the,AT0
resultant,AJ0
lack,NN1
of,PRF
choice,NN1
for,PRP
consumers,NN2
the,AT0
industry,NN1
went,VVD
into,PRP
rapid,AJ0
reverse,NN1
the,AT0
public,AJ0-NN1
interest,NN1
created,VVN
by,PRP
camra,NP0
made,VVD
further,AJC
takeovers,NN2
and,CJC
closures,NN2
unpopular,AJ0
many,DT0
small,AJ0
independent,AJ0
breweries,NN2
were,VBD
saved,VVN
from,PRP
extinction,NN1
real,AJ0
ale,NN1
became,VVD
a,AT0
major,AJ0
talking,NN1
point,NN1
in,PRP
pubs,NN2
and,CJC
the,AT0
media,NN0
slowly,AV0
and,CJC
hesitantly,AV0
the,AT0
big,AJ0
attempted,AJ0-VVD
to,TO0
rebuild,VVI
bridges,NN2
to,PRP
its,DPS
alienated,AJ0
customers,NN2
by,PRP
producing,VVG
and,CJC
promoting,VVG-AJ0
cask,NN1-VVB
conditioned,AJ0
beer,NN1
again,AV0
when,CJS-AVQ
allied,AJ0
breweries,NN2
unveiled,VVD
draught,AJ0-NN1
burton,NP0
ale,NN1
in,PRP
to,PRP
great,AJ0
acclaim,NN1
the,AT0
flood,NN1
gates,NN2
opened,VVN-VVD
and,CJC
all,DT0
the,AT0
national,AJ0
combines,NN2-VVZ
hurried,VVD-VVN
to,TO0
embrace,VVI
the,AT0
new,AJ0
philosophy,NN1
of,PRF
abroad,AV0
portfolio,NN1
of,PRF
brands,NN2
to,TO0
please,VVI
the,AT0
disparate,AJ0
wishes,NN2
of,PRF
pub,NN1
users,NN2
camra,NP0
strength,NN1
lies,VVZ-NN2
in,PRP-AVP
its,DPS
style,NN1
of,PRF
organisation,NN1
it,PNP
has,VHZ
turned,VVN
its,DPS
back,NN1
on,PRP
the,AT0
elitism,NN1
of,PRF
many,DT0
consumer,NN1
organisations,NN2
and,CJC
has,VHZ
based,VVN
itself,PNX
on,PRP
a,AT0
democratic,AJ0
structure,NN1
in,PRP
which,DTQ
the,AT0
voluntary,AJ0
efforts,NN2
of,PRF
the,AT0
members,NN2
determine,VVB
policy,NN1
and,CJC
action,NN1
the,AT0
campaign,NN1
is,VBZ
run,VVN
by,PRP
a,AT0
national,AJ0
executive,NN1
elected,VVN
by,PRP
the,AT0
annual,AJ0
general,AJ0
meeting,NN1
ne,NN1
members,NN2
are,VBB
volunteers,NN2
who,PNQ
plan,VVB
camra,NP0
strategy,NN1
through,PRP
a,AT0
committee,NN1
structure,NN1
members,NN2
are,VBB
organised,VVN
in,PRP
local,AJ0
branches,NN2
grouped,VVN-VVD
together,AV0
in,PRP
regions,NN2
that,CJT
are,VBB
overseen,VVN
by,PRP
voluntary,AJ0
regional,AJ0
directors,NN2
each,DT0
brewery,NN1
has,VHZ
a,AT0
brewery,NN1
liaison,NN1
officer,NN1
who,PNQ
meets,VVZ
brewery,NN1
executives,NN2
on,PRP
a,AT0
regular,AJ0
basis,NN1
to,TO0
discuss,VVI
policy,NN1
and,CJC
changes,NN2
in,PRP
the,AT0
range,NN1
of,PRF
beers,NN2
available,AJ0
the,AT0
branch,NN1
and,CJC
regional,AJ0
structure,NN1
is,VBZ
overseen,VVN
by,PRP
a,AT0
national,AJ0
branches,NN2
committee,NN1
made,VVD
up,AVP
of,PRF
regional,AJ0
directors,NN2
national,AJ0
regional,AJ0
and,CJC
local,AJ0
beer,NN1
festivals,NN2
present,VVB
a,AT0
vast,AJ0
range,NN1
of,PRF
beers,NN2
to,PRP
the,AT0
public,NN1-AJ0
and,CJC
help,VVB-NN1
gain,VVI
many,DT0
new,AJ0
members,NN2
a,AT0
small,AJ0
staff,NN0
based,VVN
in,PRP
st,NP0
albans,NP0
looks,VVZ
after,PRP
the,AT0
administration,NN1
and,CJC
finances,NN2
of,PRF
the,AT0
campaign,NN1
and,CJC
produced,VVD
a,AT0
monthly,AJ0
newspaper,NN1
what,DTQ
brewing,NN1
and,CJC
the,AT0
annual,AJ0
good,AJ0
beer,NN1
guide,NN1-VVB
a,AT0
subsidiary,AJ0
publishing,NN1
company,NN1
alma,NP0
books,NN2
has,VHZ
been,VBN
set,VVN
up,AVP
to,TO0
produce,VVI
a,AT0
number,NN1
of,PRF
guide,NN1
books,NN2
and,CJC
the,AT0
campaign,NN1
also,AV0
works,VVZ
with,PRP
commercial,AJ0
publishers,NN2
to,TO0
produce,VVI
such,DT0
titles,NN2
as,CJS
classic,AJ0
town,NN1
and,CJC
country,NN1
pubs,NN2
and,CJC
beer,NN1
bed,NN1
and,CJC
breakfast,NN1-VVB
in,PRP
its,DPS
short,AJ0
history,NN1
camra,NP0
has,VHZ
produced,VVN
many,DT0
reports,NN2
on,PRP
the,AT0
structure,NN1
of,PRF
the,AT0
industry,NN1
and,CJC
the,AT0
need,NN1
to,TO0
refashion,VVI
it,PNP
to,TO0
meet,VVI
consumer,NN1
needs,NN2-VVZ
it,PNP
has,VHZ
involved,VVN
itself,PNX
energetically,AV0
in,PRP
such,DT0
issues,NN2
as,CJS
pub,NN1
opening,NN1-VVG
hours,NN2
and,CJC
the,AT0
additives,NN2
and,CJC
adjuncts,NN2
used,VVN-VVD
in,PRP
the,AT0
brewing,NN1
process,NN1-VVB
in,PRP
particular,AJ0
it,PNP
has,VHZ
lobbied,VVN
both,AV0
the,AT0
british,AJ0
parliament,NN1
and,CJC
the,AT0
european,AJ0
institutions,NN2
with,PRP
demands,NN2
to,TO0
break,VVI
up,AVP
the,AT0
brewing,NN1
monopolies,NN2
and,CJC
to,TO0
restore,VVI
greater,AJC
choice,NN1
to,PRP
pub,NN1
users,NN2
camra,NP0
work,NN1
is,VBZ
far,AJ0
from,PRP
over,AVP
the,AT0
grip,NN1
of,PRF
the,AT0
brewing,NN1
giants,NN2
is,VBZ
still,AV0
powerful,AJ0
the,AT0
late,AJ0
has,VHZ
seen,VVN
a,AT0
worrying,AJ0
return,NN1
to,PRP
takeovers,NN2
and,CJC
mergers,NN2
and,CJC
the,AT0
intensification,NN1
of,PRF
lager,NN1
promotion,NN1
the,AT0
threat,NN1
to,PRP
choice,NN1
and,CJC
to,PRP
the,AT0
remaining,AJ0
independent,AJ0
brewers,NN2
demands,VVZ
a,AT0
strong,AJ0
and,CJC
continuing,AJ0-VVG
campaign,NN1-VVB
that,CJT-DT0
will,VM0
fight,VVI
for,PRP
drinkers,NN2
rights,NN2
and,CJC
challenge,VVB
the,AT0
might,NN1
of,PRF
the,AT0
brewing,NN1
giants,NN2
membership,NN1
of,PRF
the,AT0
campaign,NN1
will,VM0
pitch,VVI
you,PNP
into,PRP
the,AT0
heart,NN1
of,PRF
the,AT0
battle,NN1
to,TO0
preserve,VVI
british,AJ0
beer,NN1
for,PRP
just,AV0
a,AT0
year,NN1
you,PNP
will,VM0
receive,VVI
what,DTQ
brewing,VVG
every,AT0
month,NN1
and,CJC
will,VM0
get,VVI
generous,AJ0
discounts,NN2
on,PRP
camra,NP0
and,CJC
alma,NP0-NN1
books,NN2
publications,NN2
you,PNP
will,VM0
be,VBI
able,AJ0
to,TO0
attend,VVI
branch,NN1
and,CJC
regional,AJ0
meetings,NN2
the,AT0
national,AJ0
agm,NN1
and,CJC
take,VVB
part,NN1
in,PRP
camra,NP0
activities,NN2
it,PNP
is,VBZ
good,AJ0
fun,NN1
too,AV0
for,CJS
branches,NN2
organise,VVB
regular,AJ0
beer,NN1
festivals,NN2
and,CJC
brewery,NN1
visits,NN2
joining,VVG
camra,NP0
is,VBZ
a,AT0
commitment,NN1
to,PRP
britain,NP0
and,CJC
most,AV0
successful,AJ0
consumer,NN1
organisation,NN1
you,PNP
will,VM0
play,VVI
your,DPS
part,NN1
in,PRP
helping,VVG
to,TO0
preserve,VVI
a,AT0
distinctive,AJ0
beer,NN1
style,NN1
for,PRP
future,AJ0
generations,NN2
to,TO0
enjoy,VVI
the,AT0
early,AJ0
days,NN2
camra,NP0
members,NN2
demonstrating,VVG
against,PRP
the,AT0
keg,NN1
beer,NN1
policies,NN2
of,PRF
a,AT0
giant,AJ0
brewery,NN1
offering,VVG-NN1
drinkers,NN2
a,AT0
wide,AJ0
range,NN1
of,PRF
regional,AJ0
beers,NN2
of,PRF
many,DT0
campaign,VVB-NN1
beer,NN1
festivals,NN2
what,DTQ
brewing,NN1
is,VBZ
camra,NP0
monthly,AJ0
newspaper,NN1
sent,VVD-VVN
free,AJ0
to,PRP
every,AT0
member,NN1
it,PNP
champions,VVZ
the,AT0
cause,NN1
of,PRF
good,AJ0
beer,NN1
and,CJC
good,AJ0
pubs,NN2
camra,NP0
and,CJC
alma,NP0-NN1
books,NN2
offer,VVB
a,AT0
growing,AJ0
list,NN1
of,PRF
national,AJ0
and,CJC
regional,AJ0
guides,NN2
covering,VVG
good,AJ0
beer,NN1
accommodation,NN1
and,CJC
food,NN1
camra,NP0
fact,NN1
sheet,NN1
no,NN1
brew,VVB
it,PNP
yourself,PNX
brewing,NN1
beer,NN1
at,PRP
home,NN1
is,VBZ
great,AJ0
fun,NN1
unlike,PRP
building,NN1
model,NN1
aeroplanes,NN2
or,CJC
playing,VVG
computer,NN1
games,NN2
you,PNP
can,VM0
consume,VVI
the,AT0
finished,AJ0
product,NN1
which,DTQ
works,VVZ
out,AVP
at,PRP
a,AT0
cost,NN1
of,PRF
10p,NN0
a,AT0
pint,NN1
when,CJS
you,PNP
compare,VVB
that,CJT-DT0
with,PRP
the,AT0
price,NN1
of,PRF
the,AT0
average,AJ0-NN1
pub,NN1
pint,NN1
the,AT0
advantages,NN2
of,PRF
are,VBB
clear,AJ0
the,AT0
initial,AJ0-NN1
outlay,NN1
is,VBZ
quite,AV0
low,AJ0
and,CJC
the,AT0
information,NN1
here,AV0
is,VBZ
based,VVN
on,PRP
using,VVG
equipment,NN1
and,CJC
ingredients,NN2
that,CJT
are,VBB
freely,AV0
available,AJ0
if,CJS
you,PNP
want,VVB
to,TO0
take,VVI
home,AV0
brewing,VVG-NN1
to,PRP
a,AT0
more,AV0
advanced,AJ0
stage,NN1
which,DTQ
entails,VVZ
mashing,VVG-AJ0
and,CJC
boiling,VVG-AJ0
with,PRP
malt,NN1
and,CJC
hops,NN2
rather,AV0
than,CJS
extracts,NN2
you,PNP
should,VM0
buy,VVI
the,AT0
big,AJ0
book,NN1
of,PRF
brewing,NN1
by,PRP
dave,NP0
line,NN1
or,CJC
brewing,NN1-VVG
better,AJC
beers,NN2
by,PRP
ken,NP0
shales,NN2
both,DT0
books,NN2
are,VBB
available,AJ0
from,PRP
amateur,AJ0
winemaker,NN1
publications,NN2
of,PRF
andover,NP0
hampshire,NP0
basic,AJ0
equipment,NN1
a,AT0
large,AJ0
white,AJ0
plastic,NN1
dustbin,NN1
with,PRP
a,AT0
capacity,NN1
of,PRF
at,PRP
least,AV0
gallons,NN2
plastic,NN1
tubing,NN1
about,AV0
metres,NN2
long,AJ0
with,PRP
an,AT0
internal,AJ0
diameter,NN1
of,PRF
at,PRP
least,AV0
millimetres,NN2
a,AT0
wine,NN1
cube,NN1
the,AT0
plastic,NN1
cubes,NN2
used,VVN-VVD
in,PRP
an,AT0
for,PRP
selling,VVG
draught,NN1-AJ0
wine,NN1
and,CJC
sherry,NN1
are,VBB
ideal,AJ0
an,AT0
air,NN1
lock,NN1
and,CJC
rubber,AJ0
bung,NN1
about,AV0
pint,NN1
beer,NN1
bottles,NN2
a,AT0
corking,AJ0
machine,NN1
and,CJC
crown,NN1-VVB
corks,NN2
a,AT0
sterilising,AJ0
agent,NN1
such,DT0
as,PRP
chempro,NP0
sdp,NP0
or,CJC
a,AT0
mixture,NN1
of,PRF
sodium,NN1
metabisulphite,NN1
and,CJC
citric,AJ0
acid,NN1
a,AT0
pint,NN1
pan,NN1
for,PRP
basic,AJ0
ingredients,NN2
it,PNP
is,VBZ
best,AJS
to,TO0
buy,VVI
of,PRF
the,AT0
pint,NN1
size,NN1
kits,NN2
available,AJ0
from,PRP
most,DT0
home,NN1
brewing,NN1
shops,NN2
or,CJC
from,PRP
branches,NN2
of,PRF
boots,NP0
a,AT0
kit,NN1
such,DT0
as,PRP
edme,NP0-NN1
best,AV0
bitter,AJ0
tom,NP0
caxton,NP0
best,AV0
bitter,AJ0
or,CJC
john,NP0
bull,NP0
best,AJS
bitter,NN1-AJ0
will,VM0
be,VBI
a,AT0
good,AJ0
starting,NN1
kit,NN1
you,PNP
will,VM0
also,AV0
need,VVI
a,AT0
kilo,NN1
bag,NN1
of,PRF
white,AJ0
sugar,NN1
brewing,NN1
clean,VVB
the,AT0
white,AJ0
plastic,NN1
brewing,NN1
bucket,NN1
with,PRP
the,AT0
sterilising,AJ0-NN1
fluid,NN1
and,CJC
rinse,VVB
it,PNP
thoroughly,AV0
with,PRP
cold,AJ0
water,NN1
set,VVB
the,AT0
bucket,NN1
in,PRP
the,AT0
position,NN1
where,AVQ
you,PNP
intend,VVB
to,TO0
ferment,VVI
the,AT0
beer,NN1
now,AV0
open,VVB
the,AT0
bitter,AJ0
kit,NN1
and,CJC
pour,VVB
most,DT0
of,PRF
the,AT0
hopped,VVN
concentrated,AJ0
wort,NN1
into,PRP
the,AT0
pint,NN1
pan,NN1
rinse,VVB
the,AT0
can,NN1-VVB
out,AVP
twice,AV0
with,PRP
boiling,AJ0
water,NN1
to,TO0
remove,VVI
all,DT0
the,AT0
extract,NN1
and,CJC
pour,VVB
the,AT0
rinse,NN1
water,NN1
into,PRP
the,AT0
pan,NN1
add,VVB
the,AT0
kilo,NN1
of,PRF
sugar,NN1
and,CJC
stir,VVB-NN1
water,NN1
sugar,NN1
and,CJC
wort,NN1
until,CJS
they,PNP
are,VBB
more,AV0
or,CJC
less,AV0
dissolved,AJ0
top,VVB-NN1
the,AT0
solution,NN1
up,AVP
to,PRP
roughly,AV0
pints,NN2
with,PRP
more,AV0
hot,AJ0
water,NN1
place,VVB
the,AT0
pan,NN1
on,PRP
the,AT0
cooker,NN1
and,CJC
bring,VVB
the,AT0
contents,NN2
gradually,AV0
to,PRP
the,AT0
boil,NN1
boil,VVB
for,PRP
minutes,NN2
and,CJC
then,AV0
leave,VVB
the,AT0
pan,NN1
to,TO0
cool,VVI
you,PNP
can,VM0
speed,VVI
up,AVP
the,AT0
cooling,NN1
by,PRP
standing,VVG
the,AT0
pan,NN1
in,PRP
a,AT0
sink,NN1
full,AJ0
of,PRF
cold,AJ0
water,NN1
when,CJS
the,AT0
pan,NN1
has,VHZ
cooled,VVN
substantially,AV0
pour,VVB
the,AT0
contents,NN2
into,PRP
the,AT0
white,AJ0
plastic,NN1
bucket,NN1
rinse,VVB
out,AVP
the,AT0
pan,NN1
and,CJC
pour,VVB
the,AT0
rinsed,AJ0
water,NN1
into,PRP
the,AT0
bucket,NN1
top,VVB-NN1
up,AVP-PRP
the,AT0
level,NN1
in,PRP
the,AT0
bucket,NN1
to,PRP
gallons,NN2
with,PRP
cold,AJ0
water,NN1
check,VVB
the,AT0
temperature,NN1
of,PRF
the,AT0
wort,NN1
if,CJS
it,PNP
is,VBZ
below,AV0
you,PNP
can,VM0
pitch,VVI
the,AT0
yeast,NN1
if,CJS
the,AT0
temperature,NN1
is,VBZ
above,PRP
you,PNP
must,VM0
leave,VVI
the,AT0
liquid,NN1
to,TO0
cool,VVI
covered,VVN-VVD
with,PRP
a,AT0
lid,NN1
or,CJC
a,AT0
tight,AJ0
fitting,AJ0-NN1
material,NN1
such,DT0
as,PRP
clingfilm,NN1
during,PRP
fermentation,NN1
it,PNP
is,VBZ
best,AJS
to,TO0
aim,VVI
for,PRP
a,AT0
uniform,AJ0
temperature,NN1
of,PRF
between,PRP
and,CJC
and,CJC
neither,AV0
the,AT0
airing,NN1
cupboard,NN1
nor,CJC
the,AT0
garden,NN1
shed,VVN-VVD
in,PRP
winter,NN1
are,VBB
satisfactory,AJ0
if,CJS
the,AT0
temperature,NN1
is,VBZ
too,AV0
low,AJ0
the,AT0
beer,NN1
will,VM0
stop,VVI
fermenting,VVG-AJ0
if,CJS
the,AT0
temperature,NN1
is,VBZ
too,AV0
high,AJ0-AV0
the,AT0
yeast,NN1
will,VM0
mutate,VVI
and,CJC
produce,VVI
unpleasant,AJ0
off,PRP
flavours,NN2
in,PRP
the,AT0
beer,NN1
primary,AJ0
fermentation,NN1
takes,VVZ
from,PRP
to,PRP
days,NN2
it,PNP
is,VBZ
advisable,AJ0
to,TO0
leave,VVI
the,AT0
bucket,NN1
loosely,AV0
covered,VVN
and,CJC
not,XX0
to,TO0
skim,VVI
off,PRP-AVP
the,AT0
yeast,NN1
head,NN1
at,PRP
first,ORD
just,AV0
a,AT0
ring,NN1
of,PRF
bubbles,NN2
will,VM0
gather,VVI
on,PRP
the,AT0
surface,NN1
of,PRF
the,AT0
liquid,NN1
then,AV0
a,AT0
creamy,AJ0
frothy,AJ0
head,NN1
of,PRF
yeast,NN1
will,VM0
form,VVI
and,CJC
cover,VVI
the,AT0
surface,NN1
of,PRF
the,AT0
beer,NN1
after,PRP
a,AT0
few,DT0
days,NN2
the,AT0
head,NN1
will,VM0
collapse,VVI
and,CJC
leave,VVI
a,AT0
brownish,AJ0
pancake,NN1
when,CJS
this,DT0
happens,VVZ
take,VVB
a,AT0
hydrometer,AJC
reading,NN1
and,CJC
if,CJS
the,AT0
gravity,NN1
is,VBZ
about,AV0
syphon,VVB-NN1
the,AT0
beer,NN1
into,PRP
the,AT0
wine,NN1
cube,NN1
the,AT0
cube,NN1
should,VM0
be,VBI
thoroughly,AV0
sterilised,VVN-AJ0
and,CJC
rinsed,VVN-VVD
before,PRP
use,NN1-VVB
saw,VVD
off,PRP-AVP
the,AT0
tap,NN1
from,PRP
the,AT0
large,AJ0
plastic,NN1
screw,NN1-VVB
cap,NN1
insert,VVB
the,AT0
bung,NN1
and,CJC
the,AT0
airlock,NN1
syphon,VVB
the,AT0
beer,NN1
into,PRP
the,AT0
cube,NN1
leaving,VVG
as,AV0
much,DT0
of,PRF
the,AT0
sediment,NN1
in,PRP
the,AT0
bucket,NN1
as,CJS
possible,AJ0
fit,VVB
the,AT0
screw,NN1
cap,NN1
with,PRP
the,AT0
bung,NN1
and,CJC
airlock,NN1
and,CJC
put,VVD
a,AT0
small,AJ0
amount,NN1
of,PRF
water,NN1
in,PRP
the,AT0
airlock,NN1
after,PRP-CJS
or,CJC
days,NN2
in,PRP
the,AT0
wine,NN1
cube,NN1-VVB
the,AT0
beer,NN1
will,VM0
be,VBI
ready,AJ0
for,PRP
bottling,NN1
sterilise,VVB
the,AT0
bottles,NN2
and,CJC
rinse,VVB-NN1
well,AV0
use,VVB
the,AT0
plastic,NN1
tubing,NN1
to,TO0
syphon,VVI
the,AT0
beer,NN1
from,PRP
the,AT0
wine,NN1
cube,NN1
into,PRP
the,AT0
bottles,NN2
add,VVB
approximately,AV0
half,DT0
a,AT0
teaspoon,NN1
of,PRF
white,AJ0
granulated,AJ0
sugar,NN1
to,PRP
each,DT0
bottle,NN1
before,PRP
capping,VVG
it,PNP
this,DT0
will,VM0
give,VVI
the,AT0
beer,NN1
a,AT0
head,NN1
when,CJS
you,PNP
pour,VVB
it,PNP
after,CJS-PRP
a,AT0
couple,NN1
of,PRF
weeks,NN2
in,PRP
a,AT0
cool,AJ0-AV0
place,NN1-VVB
the,AT0
beer,NN1
should,VM0
have,VHI
cleared,VVN
and,CJC
be,VBI
ready,AJ0
for,PRP
drinking,NN1-VVG
it,PNP
is,VBZ
best,AJS
to,TO0
chill,VVI
the,AT0
beer,NN1
slightly,AV0
before,PRP
drinking,VVG
minutes,NN2
in,PRP
the,AT0
fridge,NN1
will,VM0
ensure,VVI
a,AT0
pleasant,AJ0
cool,AJ0
temperature,NN1
and,CJC
encourage,VVB
the,AT0
yeast,NN1
to,TO0
form,VVI
a,AT0
hard,AJ0
ring,NN1
at,PRP
the,AT0
bottom,NN1
of,PRF
the,AT0
bottle,NN1
that,CJT-DT0
does,VDZ
not,XX0
rise,VVI
to,PRP
the,AT0
surface,NN1
when,CJS
pouring,VVG-AJ0
with,PRP
a,AT0
little,DT0
practice,NN1
you,PNP
should,VM0
be,VBI
able,AJ0
to,TO0
brew,VVI
pints,NN2
of,PRF
good,AJ0
cheap,AJ0
beer,NN1
in,PRP-AVP
less,AV0
than,CJS
hours,NN2
work,NN1
the,AT0
basic,AJ0
equipment,NN1
needed,VVD-VVN
to,TO0
brew,VVI
tasty,AJ0
and,CJC
cheap,AJ0
beer,NN1
at,PRP
home,NN1
